MATRICULA,N_REDACAO,N_MATEMATICA,N_FISICA,N_PORTUGUES,N_BIOLOGIA,SEXO,IDADE,ALTURA,ESPORTE_PREFERIDO,COR
1000,48.12,48.54,46.77,64.04,50.45,M,18,1.73,FUTEBOL,NEGRA
1001,48.26,54.95,75.99,20.59,41.09,F,23,1.69,FUTEBOL,NEGRA
1002,45.16,34.72,77.1,91.61,48.43,M,23,1.69,VOLEI,BRANCA
1003,65.22,48.85,24.41,69.23,49.72,F,24,1.47,VOLEI,INDIGENA
1004,53.69,59.1,30.77,20.77,92.16,M,21,1.67,VOLEI,NEGRA
1005,66.04,42.6,58.99,45.0,99.72,M,21,1.71,NATACAO,NEGRA
1006,35.58,55.73,76.24,36.21,56.36,M,25,1.75,VOLEI,AMARELA
1007,56.06,50.47,62.68,88.29,38.64,F,23,1.67,CORRIDA,NEGRA
1008,49.59,66.99,34.53,44.13,16.17,F,19,1.38,NATACAO,INDIGENA
1009,100.0,18.45,50.37,57.4,44.18,M,23,1.65,FUTEBOL,AMARELA
1010,1.95,97.13,0.0,40.31,54.95,M,22,1.7,VOLEI,PARDA
1011,28.43,68.33,62.78,2.48,67.22,F,27,1.55,BASQUETE,BRANCA
1012,62.57,39.76,31.39,29.0,72.44,M,26,1.66,FUTEBOL,PARDA
1013,37.51,79.31,22.93,47.56,59.46,M,25,1.81,FUTEBOL,INDIGENA
1014,52.04,41.57,24.04,53.91,49.17,F,28,1.77,NATACAO,PARDA
1015,40.79,27.96,66.7,19.98,83.62,F,24,1.62,VOLEI,BRANCA
1016,38.71,44.38,50.43,57.54,43.2,M,20,1.77,NATACAO,PARDA
1017,45.08,45.23,36.87,81.56,87.6,F,22,1.67,CORRIDA,NEGRA
1018,75.33,68.39,36.46,66.32,57.38,M,21,1.9,FUTEBOL,NEGRA
1019,63.0,60.9,72.14,58.11,62.82,F,22,1.78,CORRIDA,INDIGENA
1020,74.74,68.77,45.66,49.13,80.89,M,25,1.81,NATACAO,AMARELA
1021,70.95,61.81,42.1,69.9,53.27,F,21,1.71,BASQUETE,AMARELA
1022,60.45,65.87,74.81,44.86,20.95,M,21,1.86,BASQUETE,NEGRA
1023,58.05,74.31,57.33,54.48,46.94,M,21,1.68,FUTEBOL,INDIGENA
1024,51.64,78.87,33.75,35.79,31.96,F,20,1.61,NATACAO,PARDA
1025,81.44,28.32,67.18,44.61,69.58,M,26,1.76,BASQUETE,BRANCA
1026,63.41,58.15,44.56,96.32,83.13,F,18,1.56,BASQUETE,PARDA
1027,71.96,6.89,10.87,48.58,50.94,F,23,1.56,NATACAO,PARDA
1028,58.12,58.31,33.94,44.77,27.85,M,19,1.68,BASQUETE,AMARELA
1029,14.82,51.69,92.7,76.93,61.9,F,25,1.59,NATACAO,PARDA
1030,62.39,70.35,41.94,25.33,89.76,M,27,1.57,BASQUETE,INDIGENA
1031,40.28,58.24,57.37,34.67,92.99,M,24,1.71,NATACAO,BRANCA
1032,35.46,72.38,87.11,11.76,52.85,M,17,1.93,NATACAO,AMARELA
1033,9.89,84.27,54.07,27.18,93.2,M,21,1.92,FUTEBOL,AMARELA
1034,78.47,23.53,55.35,86.28,36.46,M,23,1.77,CORRIDA,PARDA
1035,79.95,50.64,56.46,52.72,34.6,F,20,1.42,VOLEI,BRANCA
1036,90.73,87.18,71.24,96.18,52.07,F,23,1.48,CORRIDA,INDIGENA
1037,79.98,61.87,48.02,60.48,45.33,M,22,1.74,BASQUETE,NEGRA
1038,45.99,57.74,39.81,34.63,37.82,F,27,1.44,VOLEI,AMARELA
1039,49.67,43.72,24.96,60.57,80.62,F,19,1.4,BASQUETE,INDIGENA
1040,43.07,75.92,65.45,50.04,29.17,F,24,1.48,NATACAO,INDIGENA
1041,55.72,9.58,56.22,53.48,41.31,M,21,1.89,BASQUETE,PARDA
1042,92.04,79.29,50.64,67.17,56.93,M,20,1.75,FUTEBOL,AMARELA
1043,73.7,27.78,63.44,60.56,82.02,F,21,1.6,FUTEBOL,BRANCA
1044,53.5,38.17,59.29,20.91,28.09,M,23,1.58,BASQUETE,INDIGENA
1045,60.72,11.58,21.36,71.38,35.63,F,24,1.48,NATACAO,AMARELA
1046,19.24,62.3,57.63,36.38,56.98,M,19,1.74,VOLEI,NEGRA
1047,58.94,49.61,66.39,39.43,50.28,M,21,1.79,NATACAO,BRANCA
1048,35.58,61.14,41.99,51.52,62.89,M,19,1.86,CORRIDA,AMARELA
1049,24.31,70.61,49.69,50.86,13.81,F,17,1.54,BASQUETE,NEGRA
1050,35.08,53.18,29.23,51.79,35.54,M,17,1.87,BASQUETE,INDIGENA
1051,13.17,71.73,52.38,45.69,51.15,F,24,1.65,FUTEBOL,PARDA
1052,41.0,61.5,33.28,79.98,28.78,F,25,1.57,FUTEBOL,INDIGENA
1053,59.27,98.66,64.84,51.22,60.44,M,22,1.51,NATACAO,BRANCA
1054,40.32,41.8,39.28,51.63,74.18,F,21,1.58,BASQUETE,BRANCA
1055,38.95,54.08,37.22,40.16,77.39,F,17,1.48,CORRIDA,AMARELA
1056,63.41,47.22,17.45,29.39,54.39,F,27,1.65,FUTEBOL,INDIGENA
1057,29.11,55.76,30.92,32.67,61.37,F,25,1.58,CORRIDA,BRANCA
1058,33.66,59.69,66.24,36.02,60.13,F,24,1.42,CORRIDA,AMARELA
1059,21.11,22.21,61.76,45.49,91.81,M,21,1.86,CORRIDA,INDIGENA
1060,35.98,39.52,87.39,57.0,58.74,F,24,1.48,VOLEI,INDIGENA
1061,85.75,100.0,52.1,77.41,69.35,F,20,1.55,CORRIDA,AMARELA
1062,47.47,53.19,43.41,69.58,54.24,F,26,1.47,CORRIDA,INDIGENA
1063,55.12,36.85,76.23,48.01,68.09,M,22,1.66,BASQUETE,NEGRA
1064,62.77,82.58,44.58,76.32,54.73,M,18,1.79,VOLEI,NEGRA
1065,36.44,41.88,78.71,54.27,57.36,M,18,1.7,NATACAO,AMARELA
1066,53.51,53.89,44.11,72.3,25.0,F,28,1.67,FUTEBOL,AMARELA
1067,42.75,25.8,50.36,45.54,42.43,F,24,1.61,BASQUETE,AMARELA
1068,23.23,30.09,52.7,74.04,32.41,F,23,1.53,BASQUETE,BRANCA
1069,77.19,64.92,44.59,57.13,81.52,M,22,1.88,NATACAO,BRANCA
1070,25.33,68.63,43.94,50.97,49.13,F,24,1.64,VOLEI,INDIGENA
1071,57.31,27.33,9.48,27.64,64.37,M,27,1.65,FUTEBOL,BRANCA
1072,59.64,66.81,48.83,24.04,50.52,F,24,1.51,BASQUETE,INDIGENA
1073,5.54,43.82,49.32,70.61,58.27,F,21,1.57,NATACAO,INDIGENA
1074,47.5,49.87,52.44,13.04,22.88,M,20,1.61,VOLEI,NEGRA
1075,56.35,73.4,48.59,70.71,4.51,F,20,1.64,FUTEBOL,NEGRA
1076,36.21,78.98,37.54,96.82,62.83,F,19,1.63,FUTEBOL,AMARELA
1077,59.02,76.68,20.98,90.35,53.29,F,20,1.6,VOLEI,INDIGENA
1078,52.13,24.0,49.85,36.53,9.34,F,20,1.65,FUTEBOL,INDIGENA
1079,35.32,61.59,19.04,48.76,56.08,F,28,1.73,FUTEBOL,AMARELA
1080,78.31,42.57,75.36,88.25,44.87,F,27,1.7,NATACAO,AMARELA
1081,2.7199999999999998,33.34,42.77,71.01,41.77,M,24,1.69,CORRIDA,PARDA
1082,72.81,42.44,55.99,35.27,45.01,F,26,1.64,CORRIDA,PARDA
1083,34.71,35.2,78.48,16.68,85.41,M,24,1.74,CORRIDA,NEGRA
1084,63.71,35.83,39.6,70.59,69.77,M,20,1.72,BASQUETE,INDIGENA
1085,51.16,47.47,57.0,55.15,45.42,F,24,1.58,NATACAO,BRANCA
1086,0.0,62.05,32.77,76.09,30.0,F,17,1.69,CORRIDA,INDIGENA
1087,43.02,59.34,50.68,19.4,19.93,M,22,1.64,FUTEBOL,BRANCA
1088,22.13,62.67,54.04,46.5,57.76,F,20,1.51,CORRIDA,INDIGENA
1089,57.31,46.76,37.54,62.44,77.44,F,20,1.53,BASQUETE,NEGRA
1090,54.18,80.33,20.3,57.45,71.01,F,20,1.55,CORRIDA,PARDA
1091,40.46,68.81,47.69,79.76,45.76,F,23,1.52,CORRIDA,AMARELA
1092,66.36,64.17,38.41,62.98,51.68,F,21,1.56,FUTEBOL,INDIGENA
1093,76.53,50.85,11.19,78.35,33.19,M,20,1.69,NATACAO,INDIGENA
1094,50.87,85.57,52.31,19.95,58.9,M,23,1.71,BASQUETE,PARDA
1095,71.1,51.04,40.36,40.72,84.86,M,24,1.92,VOLEI,INDIGENA
1096,35.05,51.82,71.66,88.07,100.0,F,19,1.57,FUTEBOL,AMARELA
1097,32.81,62.72,46.45,88.79,44.71,F,27,1.54,VOLEI,BRANCA
1098,51.85,48.76,27.55,44.98,39.07,F,18,1.67,FUTEBOL,NEGRA
1099,8.35,24.64,53.96,66.71,46.77,M,19,1.64,CORRIDA,PARDA
1100,45.11,43.97,54.29,51.55,62.93,M,22,1.79,CORRIDA,PARDA
1101,43.97,36.2,20.06,69.66,46.06,M,25,1.65,CORRIDA,INDIGENA
1102,9.77,78.86,67.84,53.93,7.02,F,25,1.68,BASQUETE,PARDA
1103,68.79,66.92,54.97,97.82,43.32,F,24,1.61,BASQUETE,BRANCA
1104,68.11,57.63,84.09,47.53,63.45,M,27,1.59,NATACAO,PARDA
1105,32.08,57.38,14.15,36.73,43.86,M,26,1.74,NATACAO,BRANCA
1106,48.58,48.12,84.18,53.29,54.34,M,25,1.74,CORRIDA,INDIGENA
1107,61.36,57.48,53.75,32.03,59.05,M,20,1.77,BASQUETE,BRANCA
1108,44.76,8.68,39.82,35.75,49.87,F,21,1.63,FUTEBOL,AMARELA
1109,33.74,46.93,27.95,64.22,42.57,M,24,1.78,BASQUETE,INDIGENA
1110,46.39,32.97,35.31,40.4,31.8,M,22,1.84,BASQUETE,NEGRA
1111,27.83,14.12,66.81,17.87,72.32,F,21,1.59,CORRIDA,PARDA
1112,41.15,35.32,75.01,87.08,87.45,M,24,1.6,VOLEI,NEGRA
1113,64.72,27.07,39.78,33.44,46.25,M,17,1.86,CORRIDA,BRANCA
1114,77.56,46.66,33.34,71.09,59.78,M,26,1.8,BASQUETE,PARDA
1115,35.79,64.13,59.68,53.16,73.94,M,19,1.66,VOLEI,BRANCA
1116,64.19,80.22,42.4,66.99,93.36,F,22,1.71,FUTEBOL,BRANCA
1117,64.92,51.66,35.08,34.01,61.81,F,21,1.65,BASQUETE,INDIGENA
1118,56.66,55.35,64.24,73.18,45.67,F,20,1.48,VOLEI,NEGRA
1119,52.94,52.31,39.17,35.23,59.96,F,19,1.57,NATACAO,AMARELA
1120,57.68,51.34,62.62,96.26,56.7,F,17,1.57,CORRIDA,NEGRA
1121,53.2,68.98,66.89,53.19,78.38,F,27,1.66,FUTEBOL,AMARELA
1122,95.77,57.3,65.96,30.04,24.84,F,20,1.55,VOLEI,NEGRA
1123,70.76,60.79,22.68,72.14,13.91,M,21,1.77,CORRIDA,INDIGENA
1124,44.44,56.74,71.74,25.94,59.18,M,27,1.7,BASQUETE,NEGRA
1125,50.35,67.4,38.67,44.76,16.4,M,22,1.81,NATACAO,NEGRA
1126,23.96,31.72,42.01,39.65,56.34,F,19,1.49,BASQUETE,PARDA
1127,13.46,70.48,27.84,54.38,59.11,F,18,1.46,BASQUETE,BRANCA
1128,46.31,58.3,43.62,51.32,41.83,M,24,1.66,CORRIDA,INDIGENA
1129,35.27,18.61,37.14,67.35,39.7,M,21,1.85,NATACAO,BRANCA
1130,16.240000000000002,63.17,78.66,1.51,77.88,M,24,1.75,CORRIDA,INDIGENA
1131,72.46,40.36,47.32,38.62,64.69,F,23,1.44,FUTEBOL,PARDA
1132,59.16,55.59,41.89,35.27,48.2,M,18,1.68,NATACAO,PARDA
1133,73.9,41.2,76.15,44.49,44.05,M,21,1.84,VOLEI,NEGRA
1134,32.92,19.05,46.86,19.66,24.57,F,21,1.56,VOLEI,NEGRA
1135,50.8,69.44,43.48,51.32,40.01,M,23,1.82,FUTEBOL,INDIGENA
1136,55.97,14.35,53.13,46.3,35.32,M,26,1.7,NATACAO,INDIGENA
1137,44.36,56.36,37.79,30.98,60.85,M,26,1.72,CORRIDA,NEGRA
1138,34.18,48.35,57.1,29.01,62.76,F,20,1.5,CORRIDA,INDIGENA
1139,54.88,0.7,40.06,64.67,20.18,M,23,1.73,CORRIDA,PARDA
1140,42.24,48.87,71.12,17.84,45.58,F,27,1.48,CORRIDA,BRANCA
1141,58.52,65.38,44.32,32.32,58.61,M,19,1.8,VOLEI,NEGRA
1142,44.77,57.41,51.79,67.3,78.73,F,25,1.58,VOLEI,AMARELA
1143,40.48,48.37,38.69,43.98,32.019999999999996,M,22,1.74,NATACAO,NEGRA
1144,20.27,42.27,39.44,48.31,48.99,M,24,1.76,BASQUETE,AMARELA
1145,79.47,87.15,63.64,25.21,53.03,M,22,1.67,FUTEBOL,INDIGENA
1146,35.34,72.77,60.4,77.43,34.29,M,22,1.66,CORRIDA,PARDA
1147,65.32,51.92,52.62,54.41,35.14,M,23,1.59,VOLEI,NEGRA
1148,75.17,58.91,53.82,38.57,57.07,F,19,1.47,FUTEBOL,AMARELA
1149,24.09,65.06,52.09,60.64,12.72,F,25,1.53,BASQUETE,AMARELA
1150,50.3,85.45,55.8,67.52,60.72,F,17,1.55,CORRIDA,AMARELA
1151,86.47,50.22,6.61,9.16,88.26,F,21,1.49,BASQUETE,PARDA
1152,61.18,21.42,72.89,62.93,64.03,F,19,1.64,VOLEI,PARDA
1153,61.71,22.01,59.6,60.84,71.76,F,28,1.62,VOLEI,INDIGENA
1154,67.02,51.81,97.24,43.91,78.38,F,24,1.42,NATACAO,BRANCA
1155,48.27,69.07,70.38,51.04,47.78,M,22,1.89,VOLEI,AMARELA
1156,55.88,50.4,61.47,67.96,38.07,M,24,1.64,CORRIDA,PARDA
1157,40.0,43.06,36.76,74.68,74.34,F,17,1.56,FUTEBOL,PARDA
1158,55.88,21.17,55.07,76.84,27.96,M,17,1.89,CORRIDA,NEGRA
1159,78.27,69.45,36.1,75.78,68.86,F,20,1.45,BASQUETE,INDIGENA
1160,46.76,68.35,66.27,76.29,49.19,F,20,1.53,NATACAO,NEGRA
1161,50.44,53.94,72.26,33.27,72.99,F,23,1.47,BASQUETE,BRANCA
1162,69.46,60.09,44.29,27.66,35.61,M,24,1.81,FUTEBOL,AMARELA
1163,63.38,28.41,54.14,76.02,80.13,M,22,1.7,BASQUETE,BRANCA
1164,62.83,30.93,45.03,61.21,66.11,F,21,1.61,BASQUETE,PARDA
1165,38.49,64.0,61.02,26.89,48.06,M,19,1.68,NATACAO,INDIGENA
1166,46.0,25.2,63.14,28.48,55.18,M,21,1.91,VOLEI,NEGRA
1167,40.09,54.21,28.36,34.92,35.0,F,20,1.51,NATACAO,AMARELA
1168,48.71,59.44,69.02,57.91,39.56,M,22,1.69,VOLEI,AMARELA
1169,80.41,65.11,63.09,33.76,46.38,F,24,1.65,NATACAO,BRANCA
1170,96.81,67.08,62.68,34.32,94.96,F,20,1.71,NATACAO,NEGRA
1171,38.08,27.95,49.26,32.82,53.13,M,25,1.8,CORRIDA,NEGRA
1172,55.05,70.21,71.21,57.3,74.54,F,19,1.57,FUTEBOL,AMARELA
1173,53.5,62.45,60.69,36.49,68.18,M,19,1.83,NATACAO,PARDA
1174,43.62,49.43,15.0,49.09,41.84,M,28,1.78,VOLEI,PARDA
1175,57.52,34.17,42.22,66.75,74.39,F,21,1.57,NATACAO,PARDA
1176,59.05,29.17,74.09,84.05,82.56,F,27,1.72,VOLEI,INDIGENA
1177,100.0,32.61,81.15,19.23,46.66,F,21,1.57,VOLEI,BRANCA
1178,77.27,48.66,58.31,19.23,51.24,F,21,1.57,BASQUETE,INDIGENA
1179,80.06,52.91,55.43,25.81,55.99,F,25,1.68,FUTEBOL,INDIGENA
1180,60.14,48.91,66.23,52.06,70.78,F,26,1.45,CORRIDA,BRANCA
1181,50.69,45.37,25.74,0.0,26.54,F,19,1.57,NATACAO,AMARELA
1182,66.59,42.4,28.04,77.27,47.78,F,18,1.53,NATACAO,PARDA
1183,42.66,38.67,43.9,66.57,50.15,F,21,1.44,CORRIDA,PARDA
1184,25.56,55.25,78.31,37.2,46.86,F,26,1.65,VOLEI,NEGRA
1185,38.8,47.86,64.94,45.88,35.02,F,19,1.45,NATACAO,NEGRA
1186,58.48,37.96,34.27,43.95,78.43,M,25,1.76,BASQUETE,NEGRA
1187,80.74,47.75,43.99,22.81,69.48,M,21,1.7,BASQUETE,NEGRA
1188,12.01,77.82,65.45,34.24,69.1,F,28,1.57,FUTEBOL,INDIGENA
1189,57.81,55.65,81.56,53.25,48.55,M,17,1.84,FUTEBOL,AMARELA
1190,54.03,39.52,48.75,9.42,51.64,F,23,1.54,VOLEI,PARDA
1191,47.05,24.53,57.1,8.53,46.61,M,24,1.66,NATACAO,BRANCA
1192,35.26,80.34,30.0,24.44,71.07,F,22,1.44,NATACAO,INDIGENA
1193,37.1,78.38,15.489999999999998,61.19,31.69,M,21,1.78,NATACAO,AMARELA
1194,44.26,65.52000000000001,48.01,64.62,54.17,F,17,1.48,VOLEI,PARDA
1195,38.08,49.48,42.3,62.61,64.58,F,19,1.39,VOLEI,BRANCA
1196,20.41,15.62,39.49,60.45,75.0,F,21,1.57,CORRIDA,INDIGENA
1197,23.72,80.73,31.47,62.0,17.6,M,20,1.63,FUTEBOL,INDIGENA
1198,21.53,62.24,71.73,62.15,76.32,M,23,1.7,VOLEI,INDIGENA
1199,45.97,23.79,59.79,45.22,30.33,F,23,1.48,BASQUETE,AMARELA
1200,44.35,53.85,13.74,58.49,49.64,M,19,1.75,FUTEBOL,AMARELA
1201,24.73,47.94,55.02,96.68,51.28,M,25,1.74,VOLEI,AMARELA
1202,55.6,61.76,28.63,24.89,71.87,F,21,1.39,CORRIDA,AMARELA
1203,65.18,97.18,73.93,57.53,45.42,F,28,1.76,CORRIDA,INDIGENA
1204,89.66,91.82,66.07,21.06,75.1,F,22,1.41,NATACAO,AMARELA
1205,43.58,42.88,62.22,79.68,40.68,M,26,1.78,BASQUETE,BRANCA
1206,51.44,59.45,30.93,37.89,33.91,M,17,1.74,NATACAO,INDIGENA
1207,30.75,60.15,88.09,72.21,61.22,F,23,1.77,BASQUETE,PARDA
1208,20.58,35.9,55.13,36.63,94.54,M,17,1.68,BASQUETE,INDIGENA
1209,59.29,84.06,18.79,35.16,37.98,F,25,1.6,CORRIDA,INDIGENA
1210,42.31,70.85,60.5,65.67,53.63,M,19,1.7,CORRIDA,BRANCA
1211,80.78,3.55,28.97,39.96,49.22,M,22,1.84,FUTEBOL,AMARELA
1212,56.05,44.78,46.93,37.16,49.54,M,26,1.8,BASQUETE,INDIGENA
1213,41.79,54.82,62.4,64.18,43.63,M,22,1.81,FUTEBOL,AMARELA
1214,77.5,36.2,43.24,30.74,54.18,F,25,1.49,VOLEI,PARDA
1215,67.84,50.26,72.92,40.89,53.16,F,22,1.49,NATACAO,PARDA
1216,48.64,57.65,70.61,25.21,78.26,F,22,1.56,NATACAO,AMARELA
1217,63.69,38.4,42.62,4.47,38.0,F,22,1.75,CORRIDA,AMARELA
1218,68.5,83.01,64.51,77.91,8.51,M,22,1.56,FUTEBOL,BRANCA
1219,45.27,53.86,28.46,57.97,40.87,M,26,1.76,VOLEI,BRANCA
1220,29.11,32.0,31.909999999999997,34.64,50.7,F,22,1.68,VOLEI,INDIGENA
1221,52.83,55.68,48.48,61.57,25.38,M,23,1.78,NATACAO,NEGRA
1222,59.73,74.84,55.28,35.53,37.59,F,24,1.51,NATACAO,PARDA
1223,54.8,36.37,13.47,27.52,20.48,M,24,1.8,BASQUETE,AMARELA
1224,53.59,52.95,60.16,70.73,20.94,M,24,1.93,NATACAO,NEGRA
1225,23.46,76.99,31.15,35.47,46.52,M,21,1.68,BASQUETE,INDIGENA
1226,44.14,41.46,51.1,47.13,55.97,F,24,1.65,BASQUETE,NEGRA
1227,43.71,16.45,33.16,38.96,30.63,F,22,1.53,FUTEBOL,INDIGENA
1228,50.47,33.58,60.88,58.37,77.21,F,24,1.66,VOLEI,AMARELA
1229,47.55,33.28,50.11,69.83,45.31,F,26,1.64,NATACAO,BRANCA
1230,61.07,57.71,42.24,22.47,51.87,M,19,1.95,CORRIDA,PARDA
1231,77.03,52.66,39.74,68.12,64.07,F,23,1.6,BASQUETE,BRANCA
1232,22.26,31.96,51.07,47.62,23.21,M,25,1.7,CORRIDA,NEGRA
1233,45.67,62.89,61.97,42.78,53.31,F,22,1.65,FUTEBOL,PARDA
1234,50.84,67.05,30.02,31.01,56.19,F,23,1.67,BASQUETE,AMARELA
1235,51.85,57.96,32.14,31.34,84.68,M,21,1.88,NATACAO,AMARELA
1236,30.71,99.55,65.28,46.76,45.12,M,19,1.71,CORRIDA,PARDA
1237,65.41,71.44,65.9,28.98,39.24,M,25,1.72,NATACAO,AMARELA
1238,62.14,15.95,84.2,66.34,61.35,M,18,1.7,NATACAO,AMARELA
1239,39.94,53.91,41.39,72.81,51.67,F,17,1.53,CORRIDA,INDIGENA
1240,100.0,64.03999999999999,38.05,15.09,16.14,M,18,1.77,VOLEI,NEGRA
1241,21.93,48.37,44.2,79.93,49.91,F,25,1.56,CORRIDA,BRANCA
1242,66.44,53.02,24.86,48.38,30.11,F,20,1.5,BASQUETE,INDIGENA
1243,66.86,92.72,100.0,33.36,54.81,M,27,1.91,NATACAO,PARDA
1244,42.64,72.4,55.15,72.13,31.76,F,22,1.54,FUTEBOL,BRANCA
1245,66.34,68.87,25.53,44.7,42.25,M,18,1.74,VOLEI,INDIGENA
1246,31.07,61.94,57.33,23.07,64.39,F,26,1.7,NATACAO,AMARELA
1247,56.03,35.39,38.13,46.19,39.97,M,17,1.67,BASQUETE,NEGRA
1248,42.19,61.9,71.49,69.57,1.12,F,23,1.48,BASQUETE,BRANCA
1249,35.27,29.69,80.57,22.86,28.35,F,25,1.51,NATACAO,PARDA
1250,63.6,63.52,61.56,78.07,32.230000000000004,M,22,1.66,CORRIDA,INDIGENA
1251,41.5,41.98,22.01,75.45,52.98,F,22,1.63,CORRIDA,INDIGENA
1252,68.8,58.23,59.82,50.65,73.53,F,17,1.48,CORRIDA,AMARELA
1253,63.57,64.83,71.41,54.01,39.46,M,21,1.87,NATACAO,AMARELA
1254,19.47,38.2,25.09,50.7,38.83,F,21,1.43,CORRIDA,INDIGENA
1255,42.22,56.13,69.64,47.44,23.99,M,19,2.11,CORRIDA,PARDA
1256,29.61,82.0,0.0,73.88,55.36,F,20,1.66,CORRIDA,NEGRA
1257,29.96,25.87,25.63,64.06,19.66,F,18,1.55,NATACAO,PARDA
1258,67.5,49.81,4.71,28.22,10.24,M,21,1.86,CORRIDA,BRANCA
1259,76.07,92.13,47.1,78.02,81.69,M,24,1.82,NATACAO,AMARELA
1260,24.81,53.74,46.57,70.54,25.94,M,23,1.61,VOLEI,AMARELA
1261,70.08,68.95,43.52,84.5,53.54,M,22,1.64,VOLEI,BRANCA
1262,56.7,32.68,85.59,42.57,35.35,F,22,1.51,BASQUETE,AMARELA
1263,73.38,62.1,7.84,50.47,46.88,F,28,1.59,NATACAO,AMARELA
1264,0.0,68.73,0.0,78.93,87.84,F,19,1.69,VOLEI,BRANCA
1265,90.07,43.43,36.46,20.01,84.2,M,26,1.79,NATACAO,AMARELA
1266,33.54,26.15,71.76,50.16,62.63,F,24,1.71,FUTEBOL,AMARELA
1267,52.8,44.15,27.6,51.14,61.58,M,24,1.81,VOLEI,NEGRA
1268,23.86,76.63,69.19,29.68,49.67,M,21,1.7,VOLEI,NEGRA
1269,43.35,44.06,40.74,24.1,69.05,M,23,1.77,FUTEBOL,INDIGENA
1270,48.67,33.53,17.03,65.19,53.4,M,26,1.62,BASQUETE,PARDA
1271,42.09,57.54,18.88,66.91,29.06,F,23,1.69,NATACAO,AMARELA
1272,49.11,58.43,88.86,20.23,43.22,F,22,1.56,FUTEBOL,PARDA
1273,45.14,61.74,44.71,66.63,33.11,F,20,1.56,CORRIDA,BRANCA
1274,58.44,52.78,48.56,55.69,85.78,F,24,1.5,CORRIDA,AMARELA
1275,33.95,49.53,41.08,23.05,46.7,F,23,1.59,NATACAO,NEGRA
1276,31.61,47.49,23.79,21.66,49.89,F,21,1.56,FUTEBOL,NEGRA
1277,12.59,70.3,60.01,23.77,60.91,F,20,1.46,NATACAO,BRANCA
1278,61.83,52.86,72.37,51.67,39.22,F,25,1.6,VOLEI,BRANCA
1279,60.03,52.66,44.16,55.6,38.08,M,21,2.02,FUTEBOL,AMARELA
1280,32.84,57.25,23.13,50.06,42.66,M,24,1.87,FUTEBOL,NEGRA
1281,32.54,51.92,47.57,51.98,50.56,M,19,1.77,NATACAO,NEGRA
1282,86.84,35.45,7.119999999999999,35.56,51.78,F,19,1.57,VOLEI,PARDA
1283,95.5,63.97,25.87,71.89,73.4,M,24,1.91,FUTEBOL,AMARELA
1284,71.31,61.39,41.22,87.82,41.15,M,25,1.69,VOLEI,INDIGENA
1285,63.18,52.89,68.15,100.0,40.7,M,22,1.62,NATACAO,NEGRA
1286,71.53,52.82,50.97,68.34,74.86,F,17,1.71,VOLEI,BRANCA
1287,51.27,67.87,100.0,5.35,77.61,M,22,1.71,NATACAO,INDIGENA
1288,14.67,74.09,16.92,58.57,32.260000000000005,F,20,1.68,CORRIDA,NEGRA
1289,62.74,53.29,64.5,35.73,85.97,F,21,1.64,FUTEBOL,NEGRA
1290,73.5,77.88,56.32,55.98,36.5,M,23,1.5,NATACAO,AMARELA
1291,39.43,46.38,63.650000000000006,58.54,61.01,F,24,1.45,FUTEBOL,NEGRA
1292,60.16,36.71,61.69,58.19,38.2,F,25,1.56,FUTEBOL,AMARELA
1293,100.0,67.57,28.82,41.52,50.24,M,23,1.7,FUTEBOL,BRANCA
1294,78.54,2.19,74.38,77.28,33.4,M,25,1.68,FUTEBOL,BRANCA
1295,43.35,65.27000000000001,48.76,27.86,24.09,M,27,1.64,VOLEI,BRANCA
1296,72.44,57.89,61.87,72.73,61.73,M,19,1.67,VOLEI,NEGRA
1297,65.18,65.45,40.26,39.3,56.78,M,20,1.66,BASQUETE,AMARELA
1298,66.03,58.06,57.68,60.13,71.29,M,20,1.92,VOLEI,AMARELA
1299,48.68,29.87,42.64,70.16,40.68,F,22,1.59,BASQUETE,NEGRA
1300,86.87,58.68,41.98,85.69,34.489999999999995,M,22,1.8,NATACAO,PARDA
1301,49.5,17.39,41.56,47.24,19.12,M,17,1.62,CORRIDA,PARDA
1302,100.0,27.53,55.78,63.04,39.43,F,26,1.59,VOLEI,INDIGENA
1303,48.54,28.29,38.99,72.51,100.0,F,20,1.56,FUTEBOL,BRANCA
1304,76.46,61.38,71.63,52.85,39.44,M,26,1.72,VOLEI,BRANCA
1305,61.52,78.33,52.65,79.95,35.85,F,25,1.56,CORRIDA,INDIGENA
1306,64.65,62.05,56.66,58.85,86.61,F,20,1.54,BASQUETE,INDIGENA
1307,41.03,55.27,35.17,39.47,46.41,F,22,1.5,NATACAO,BRANCA
1308,97.24,36.58,0.0,90.47,58.01,F,22,1.78,NATACAO,INDIGENA
1309,26.07,70.58,63.25,46.07,60.03,F,24,1.57,FUTEBOL,PARDA
1310,36.17,57.17,49.02,57.49,52.6,M,23,1.85,CORRIDA,NEGRA
1311,57.4,69.44,33.53,31.82,70.35,M,25,1.59,BASQUETE,NEGRA
1312,55.08,58.68,58.46,36.22,32.4,M,28,1.64,NATACAO,BRANCA
1313,86.07,11.11,36.55,72.39,67.83,F,21,1.48,NATACAO,INDIGENA
1314,60.0,44.53,59.91,58.06,64.38,F,26,1.54,FUTEBOL,BRANCA
1315,36.78,32.239999999999995,64.75,43.31,53.38,M,20,1.79,BASQUETE,AMARELA
1316,52.42,56.34,56.93,64.6,86.54,F,25,1.59,VOLEI,BRANCA
1317,28.97,39.56,33.59,36.49,67.2,M,20,1.78,CORRIDA,PARDA
1318,53.35,67.64,79.94,62.62,48.8,F,21,1.61,BASQUETE,NEGRA
1319,31.69,15.81,36.33,58.68,34.06,F,20,1.55,VOLEI,BRANCA
1320,20.03,76.08,74.41,55.63,27.11,M,22,1.87,NATACAO,NEGRA
1321,74.08,87.81,42.67,64.73,67.95,F,24,1.74,NATACAO,INDIGENA
1322,48.82,95.92,55.39,46.17,37.65,F,24,1.65,FUTEBOL,INDIGENA
1323,32.010000000000005,22.26,30.75,58.66,60.4,M,25,1.69,FUTEBOL,PARDA
1324,78.72,21.53,60.28,39.13,38.33,F,19,1.65,NATACAO,INDIGENA
1325,54.74,28.13,29.59,90.74,63.13,F,22,1.55,CORRIDA,PARDA
1326,54.23,49.56,55.98,34.51,48.59,M,25,1.82,VOLEI,AMARELA
1327,48.53,54.65,31.61,46.38,25.98,M,23,1.81,CORRIDA,AMARELA
1328,53.4,11.88,59.39,28.29,62.35,F,24,1.69,BASQUETE,BRANCA
1329,80.39,70.81,85.21,52.1,59.56,M,17,1.81,NATACAO,PARDA
1330,35.87,68.45,12.87,77.32,46.76,F,20,1.53,CORRIDA,INDIGENA
1331,44.03,34.57,43.18,58.1,39.81,M,21,1.85,NATACAO,INDIGENA
1332,53.59,38.35,51.56,64.05,60.8,M,26,1.92,FUTEBOL,AMARELA
1333,11.71,76.53,33.76,47.9,51.45,F,17,1.44,VOLEI,AMARELA
1334,81.94,28.15,35.43,53.58,45.2,F,25,1.57,VOLEI,INDIGENA
1335,49.77,35.52,27.1,47.13,62.13,M,21,1.82,VOLEI,PARDA
1336,48.79,83.44,62.14,39.45,73.03,M,26,1.81,BASQUETE,AMARELA
1337,17.15,35.89,23.43,44.76,24.28,F,22,1.67,CORRIDA,BRANCA
1338,0.0,19.7,56.39,33.22,46.05,F,18,1.68,BASQUETE,PARDA
1339,34.46,73.63,17.35,59.02,44.14,M,17,1.78,BASQUETE,NEGRA
1340,91.52,37.96,40.99,38.3,59.76,F,28,1.59,VOLEI,INDIGENA
1341,33.57,41.33,86.56,10.56,60.39,M,20,1.76,FUTEBOL,AMARELA
1342,30.71,48.15,56.87,41.71,71.3,F,22,1.68,NATACAO,BRANCA
1343,82.2,23.84,51.2,62.59,78.43,M,20,1.77,NATACAO,INDIGENA
1344,53.11,28.9,49.73,41.44,31.68,F,19,1.48,FUTEBOL,BRANCA
1345,60.83,20.33,42.18,90.14,39.98,M,22,1.75,NATACAO,NEGRA
1346,44.62,34.77,62.56,64.25,42.74,M,21,1.73,BASQUETE,INDIGENA
1347,66.83,30.92,45.78,45.85,43.12,F,21,1.62,CORRIDA,BRANCA
1348,55.36,83.94,71.1,73.9,42.71,F,21,1.54,CORRIDA,PARDA
1349,16.6,55.72,21.31,44.79,49.51,M,22,1.73,FUTEBOL,AMARELA
1350,41.35,55.52,48.46,81.11,61.4,M,26,1.7,BASQUETE,PARDA
1351,78.94,29.73,27.34,12.65,73.89,M,21,1.92,CORRIDA,NEGRA
1352,24.13,30.05,75.36,3.11,40.12,M,24,1.86,NATACAO,AMARELA
1353,56.74,51.28,50.3,29.4,14.6,F,23,1.61,BASQUETE,BRANCA
1354,49.47,42.88,48.46,64.49,69.71,F,22,1.73,FUTEBOL,PARDA
1355,62.34,32.81,72.13,41.13,57.45,M,24,1.75,NATACAO,PARDA
1356,37.58,68.75,19.39,21.55,83.65,M,25,1.83,CORRIDA,PARDA
1357,64.25999999999999,67.7,22.73,29.26,55.85,M,26,1.85,FUTEBOL,NEGRA
1358,86.0,78.7,23.21,52.82,27.55,F,24,1.44,NATACAO,AMARELA
1359,25.34,60.59,44.3,44.79,56.25,F,22,1.57,BASQUETE,INDIGENA
1360,48.66,37.95,88.08,38.85,22.68,M,21,1.6,CORRIDA,PARDA
1361,64.19,37.22,24.46,72.26,83.09,M,28,1.77,BASQUETE,AMARELA
1362,75.1,19.63,69.74,60.54,56.03,M,28,1.62,CORRIDA,AMARELA
1363,49.9,55.32,41.6,25.5,61.96,M,24,1.66,FUTEBOL,AMARELA
1364,50.89,48.21,44.56,53.08,17.369999999999997,F,20,1.67,CORRIDA,PARDA
1365,34.63,47.63,54.06,53.73,74.7,F,21,1.49,CORRIDA,BRANCA
1366,75.01,68.86,67.73,50.26,29.05,F,18,1.57,NATACAO,AMARELA
1367,45.15,72.18,73.54,48.31,43.64,M,25,1.96,CORRIDA,NEGRA
1368,17.38,61.3,47.02,40.66,13.73,M,26,1.77,BASQUETE,INDIGENA
1369,29.33,67.59,66.6,43.8,51.8,F,24,1.48,BASQUETE,NEGRA
1370,46.58,40.46,52.73,41.42,38.01,F,19,1.48,BASQUETE,NEGRA
1371,50.49,44.4,99.92,71.59,48.95,M,25,1.85,BASQUETE,PARDA
1372,64.91,30.99,36.23,80.08,39.78,M,21,1.69,VOLEI,NEGRA
1373,39.34,80.78,45.61,72.87,46.87,F,21,1.43,BASQUETE,AMARELA
1374,9.5,28.22,41.57,20.98,72.42,F,20,1.61,FUTEBOL,AMARELA
1375,28.29,70.21,72.58,60.31,84.67,M,27,1.73,NATACAO,BRANCA
1376,44.9,36.42,49.12,44.88,56.64,M,21,1.74,NATACAO,INDIGENA
1377,25.36,59.66,14.01,43.07,81.74,F,17,1.72,VOLEI,INDIGENA
1378,82.13,62.94,60.71,88.57,66.84,M,20,1.88,VOLEI,INDIGENA
1379,34.51,25.96,41.15,58.44,2.06,F,17,1.66,FUTEBOL,NEGRA
1380,82.7,44.39,53.22,53.93,50.15,M,24,1.68,VOLEI,AMARELA
1381,43.27,49.09,37.77,60.04,67.52,M,23,1.61,VOLEI,AMARELA
1382,57.27,27.51,77.14,63.87,3.4699999999999998,M,21,1.76,BASQUETE,INDIGENA
1383,39.52,36.77,59.58,71.94,33.260000000000005,F,21,1.62,BASQUETE,INDIGENA
1384,25.64,56.04,49.39,21.05,66.85,M,24,1.86,BASQUETE,NEGRA
1385,35.42,81.29,41.26,30.81,93.16,M,19,1.83,VOLEI,BRANCA
1386,82.55,32.35,23.52,75.49,47.36,M,22,1.73,FUTEBOL,NEGRA
1387,58.5,85.91,42.89,22.52,47.18,M,20,1.6,CORRIDA,BRANCA
1388,61.35,88.12,72.78,27.28,19.16,M,24,1.75,CORRIDA,PARDA
1389,39.45,59.58,50.84,56.66,66.7,M,20,1.72,VOLEI,AMARELA
1390,29.49,70.25,45.63,51.51,41.53,M,19,1.75,FUTEBOL,PARDA
1391,24.47,60.52,44.86,53.89,36.52,M,21,1.97,CORRIDA,AMARELA
1392,53.19,47.5,56.82,61.72,52.27,F,17,1.62,VOLEI,BRANCA
1393,48.23,27.97,40.6,51.44,54.4,F,17,1.52,VOLEI,NEGRA
1394,50.54,8.75,37.53,67.15,38.42,M,19,1.81,VOLEI,NEGRA
1395,76.36,74.42,68.67,43.9,50.26,F,21,1.55,FUTEBOL,PARDA
1396,77.23,70.61,31.130000000000003,51.44,73.22,M,25,1.74,NATACAO,PARDA
1397,58.42,34.23,50.58,33.43,27.09,M,19,1.71,VOLEI,AMARELA
1398,59.48,67.12,56.01,19.22,42.8,F,20,1.67,CORRIDA,AMARELA
1399,75.29,19.48,60.62,40.43,53.79,M,25,1.58,NATACAO,INDIGENA
1400,61.74,82.7,26.43,26.97,83.32,M,18,1.8,BASQUETE,NEGRA
1401,26.71,73.07,34.93,0.0,33.3,F,21,1.53,CORRIDA,NEGRA
1402,71.72,35.17,55.69,41.62,44.29,F,22,1.44,BASQUETE,NEGRA
1403,50.6,52.5,38.01,63.96,74.76,M,22,1.64,VOLEI,BRANCA
1404,55.5,74.69,66.73,57.39,66.12,F,23,1.42,FUTEBOL,BRANCA
1405,79.92,69.57,46.85,43.04,29.74,F,23,1.51,BASQUETE,INDIGENA
1406,64.41,77.85,29.71,71.8,65.34,F,19,1.64,CORRIDA,PARDA
1407,48.57,59.54,32.22,61.06,12.71,M,20,1.75,NATACAO,NEGRA
1408,76.42,65.38,52.08,62.49,32.4,M,26,1.7,VOLEI,BRANCA
1409,33.45,29.32,51.65,52.9,64.5,F,23,1.57,BASQUETE,INDIGENA
1410,65.93,75.9,74.28,56.35,67.52,M,23,1.65,BASQUETE,BRANCA
1411,48.87,75.32,26.69,71.02,9.27,M,17,1.85,CORRIDA,NEGRA
1412,54.94,72.19,65.5,70.66,56.06,F,18,1.65,CORRIDA,INDIGENA
1413,77.45,39.83,41.21,42.79,59.32,M,17,1.72,CORRIDA,NEGRA
1414,41.15,44.31,71.06,34.31,70.71,M,19,1.87,BASQUETE,INDIGENA
1415,67.22,71.96,11.32,54.51,24.4,F,21,1.59,BASQUETE,AMARELA
1416,55.63,87.71,53.82,31.01,25.12,M,19,1.68,NATACAO,BRANCA
1417,57.92,43.51,89.04,39.13,60.03,M,21,1.73,FUTEBOL,AMARELA
1418,33.78,26.81,41.37,67.37,69.36,F,26,1.57,BASQUETE,PARDA
1419,75.73,4.71,8.92,39.21,61.11,F,24,1.68,CORRIDA,PARDA
1420,77.19,50.11,52.05,30.08,78.83,M,27,1.75,NATACAO,BRANCA
1421,29.25,56.48,68.73,36.66,74.49,M,26,1.97,FUTEBOL,BRANCA
1422,61.04,31.76,42.06,44.94,51.42,M,25,1.71,CORRIDA,INDIGENA
1423,5.38,42.86,35.34,56.7,51.44,M,20,1.67,NATACAO,INDIGENA
1424,49.83,57.1,29.47,35.9,54.4,M,24,1.66,NATACAO,BRANCA
1425,73.51,86.78,48.3,37.9,68.99,M,17,1.73,FUTEBOL,BRANCA
1426,20.36,42.13,24.35,40.4,31.86,M,27,1.7,CORRIDA,INDIGENA
1427,42.85,64.4,49.36,24.44,52.0,F,21,1.61,BASQUETE,PARDA
1428,77.08,26.28,21.56,36.04,78.16,M,21,1.76,CORRIDA,AMARELA
1429,0.06000000000000005,83.69,24.9,34.65,54.75,F,17,1.36,NATACAO,PARDA
1430,35.09,61.76,18.71,43.1,51.62,F,24,1.49,FUTEBOL,INDIGENA
1431,18.08,72.67,39.49,24.32,86.74,F,24,1.71,NATACAO,AMARELA
1432,49.82,37.41,49.78,65.69,57.95,F,28,1.6,FUTEBOL,AMARELA
1433,58.89,26.33,26.7,44.32,51.49,F,20,1.63,BASQUETE,PARDA
1434,0.0,55.33,63.010000000000005,41.83,57.57,M,26,1.65,BASQUETE,BRANCA
1435,47.62,31.99,48.69,45.17,41.58,M,21,1.64,FUTEBOL,BRANCA
1436,42.03,34.64,64.28,61.21,61.32,F,21,1.58,BASQUETE,PARDA
1437,73.51,36.35,66.54,57.63,83.12,F,20,1.65,CORRIDA,NEGRA
1438,0.8200000000000001,27.84,34.64,16.23,46.42,F,17,1.61,NATACAO,AMARELA
1439,40.63,56.27,37.29,0.0,53.17,F,23,1.5,BASQUETE,INDIGENA
1440,59.72,54.7,56.22,61.92,51.97,M,28,1.66,VOLEI,PARDA
1441,56.59,8.940000000000001,31.840000000000003,49.81,57.0,M,19,1.87,BASQUETE,NEGRA
1442,25.34,38.55,0.0,36.67,49.17,F,25,1.59,FUTEBOL,AMARELA
1443,29.5,35.13,34.38,88.78,42.15,F,18,1.63,CORRIDA,BRANCA
1444,67.13,60.75,37.7,76.82,46.29,F,18,1.57,VOLEI,INDIGENA
1445,72.51,30.31,46.13,69.49,87.07,M,21,1.6,FUTEBOL,NEGRA
1446,55.65,60.08,86.82,66.03,48.59,F,22,1.28,FUTEBOL,PARDA
1447,41.02,45.81,43.33,68.07,44.72,M,22,1.83,NATACAO,NEGRA
1448,38.94,49.95,67.33,54.12,87.44,F,19,1.68,VOLEI,INDIGENA
1449,47.09,2.29,66.95,45.97,41.19,F,19,1.48,BASQUETE,AMARELA
1450,22.74,47.8,42.24,67.19,17.97,F,21,1.54,NATACAO,PARDA
1451,70.27,76.29,50.61,50.56,42.19,F,22,1.57,CORRIDA,AMARELA
1452,40.55,84.44,57.0,24.25,60.3,M,18,1.64,CORRIDA,NEGRA
1453,64.50999999999999,68.95,76.96,35.0,65.46000000000001,F,26,1.64,BASQUETE,INDIGENA
1454,61.75,23.58,41.87,82.19,60.45,M,19,1.78,CORRIDA,INDIGENA
1455,66.07,22.3,58.08,32.44,53.88,M,26,1.79,NATACAO,BRANCA
1456,48.93,62.13,46.62,50.97,55.91,M,22,1.7,CORRIDA,PARDA
1457,65.48,17.509999999999998,57.01,31.39,86.73,M,27,1.81,FUTEBOL,INDIGENA
1458,38.16,54.44,69.06,19.06,57.82,M,21,1.55,NATACAO,BRANCA
1459,86.97,62.24,79.96,74.61,69.49,M,18,1.78,VOLEI,PARDA
1460,68.54,79.11,48.16,24.75,69.49,F,24,1.64,NATACAO,BRANCA
1461,90.66,53.88,70.26,85.41,56.36,M,20,1.8,FUTEBOL,INDIGENA
1462,55.74,29.79,33.14,39.05,62.91,M,23,1.71,FUTEBOL,BRANCA
1463,34.27,44.88,58.11,40.71,50.84,F,23,1.83,VOLEI,AMARELA
1464,50.56,47.87,25.9,72.31,52.98,F,23,1.47,CORRIDA,NEGRA
1465,41.93,29.12,38.81,39.96,73.12,M,24,1.77,VOLEI,PARDA
1466,29.74,46.31,52.85,26.56,48.75,F,17,1.58,FUTEBOL,INDIGENA
1467,36.42,57.46,37.22,36.12,21.88,M,20,1.69,VOLEI,BRANCA
1468,75.13,68.68,94.37,62.8,55.19,M,23,1.7,BASQUETE,AMARELA
1469,51.84,38.64,28.54,45.37,38.34,F,23,1.72,FUTEBOL,NEGRA
1470,25.36,13.89,60.08,30.45,40.84,F,20,1.65,FUTEBOL,INDIGENA
1471,19.02,51.43,54.73,65.39,60.29,M,23,1.74,NATACAO,INDIGENA
1472,41.15,60.64,34.65,28.34,77.19,F,21,1.57,BASQUETE,PARDA
1473,16.91,37.77,21.29,41.59,57.15,M,19,1.71,NATACAO,INDIGENA
1474,72.64,51.79,38.57,63.93,70.7,F,22,1.47,VOLEI,INDIGENA
1475,65.82,53.46,74.08,32.12,70.87,F,20,1.65,CORRIDA,BRANCA
1476,42.54,0.0,29.09,36.33,69.94,F,22,1.64,VOLEI,BRANCA
1477,49.64,58.46,1.5099999999999998,69.69,12.7,M,25,1.81,NATACAO,NEGRA
1478,47.05,93.8,49.01,65.39,44.92,M,26,1.73,CORRIDA,NEGRA
1479,19.08,9.29,52.15,39.2,17.6,M,20,1.7,BASQUETE,AMARELA
1480,56.98,55.21,51.42,31.66,61.5,M,19,1.8,BASQUETE,BRANCA
1481,40.53,33.15,27.91,72.99,61.13,F,20,1.57,BASQUETE,NEGRA
1482,68.1,76.56,100.0,49.12,53.47,M,18,1.76,CORRIDA,NEGRA
1483,67.29,57.6,55.13,44.27,50.24,F,22,1.67,CORRIDA,NEGRA
1484,52.73,29.16,55.43,69.0,29.87,M,20,1.75,CORRIDA,PARDA
1485,66.72,41.56,24.97,65.71,66.42,F,20,1.64,BASQUETE,BRANCA
1486,52.5,39.91,27.23,80.08,62.1,F,18,1.74,NATACAO,PARDA
1487,61.28,69.99,75.82,78.15,69.84,M,28,1.68,VOLEI,BRANCA
1488,31.02,82.1,41.34,71.24,36.85,M,26,1.78,VOLEI,INDIGENA
1489,74.33,19.82,52.44,69.55,77.04,M,17,1.9,BASQUETE,BRANCA
1490,50.76,59.04,58.42,79.42,50.02,M,25,1.88,VOLEI,BRANCA
1491,62.94,91.92,53.81,41.43,41.3,F,17,1.57,VOLEI,AMARELA
1492,67.49,33.71,58.17,71.71,8.9,M,24,1.97,VOLEI,PARDA
1493,62.17,19.03,51.09,80.17,56.5,F,20,1.53,BASQUETE,PARDA
1494,61.63,26.05,79.42,20.96,54.94,F,21,1.58,CORRIDA,NEGRA
1495,69.08,68.72,59.29,76.7,46.25,M,19,1.81,CORRIDA,PARDA
1496,66.08,42.4,35.86,46.43,69.09,M,25,1.81,BASQUETE,NEGRA
1497,37.93,12.37,67.63,53.67,24.0,M,20,1.87,FUTEBOL,NEGRA
1498,34.04,89.5,44.11,16.29,68.09,F,20,1.53,VOLEI,NEGRA
1499,82.25,53.73,39.65,63.52,84.1,F,19,1.5,BASQUETE,NEGRA
1500,51.55,56.57,79.55,66.66,78.76,F,26,1.56,CORRIDA,AMARELA
1501,32.19,40.2,50.96,53.04,73.27,M,28,1.64,NATACAO,NEGRA
1502,51.36,44.61,100.0,24.24,68.58,F,19,1.7,CORRIDA,AMARELA
1503,19.94,56.49,22.0,64.37,24.5,F,18,1.48,BASQUETE,INDIGENA
1504,10.66,45.55,54.58,26.4,17.25,M,24,1.8,BASQUETE,AMARELA
1505,40.57,57.63,48.43,24.13,75.13,M,23,1.85,VOLEI,PARDA
1506,30.66,57.04,43.92,45.63,41.98,F,22,1.67,NATACAO,INDIGENA
1507,63.68,80.54,37.25,63.63,68.53,F,25,1.59,NATACAO,AMARELA
1508,65.94,61.5,30.24,24.66,69.73,M,26,1.83,VOLEI,BRANCA
1509,65.36,32.53,46.06,56.11,29.85,M,20,1.82,NATACAO,PARDA
1510,24.09,40.26,72.68,82.63,66.64,F,26,1.52,CORRIDA,PARDA
1511,81.24,44.99,41.86,59.12,62.91,F,26,1.58,CORRIDA,INDIGENA
1512,60.67,26.39,35.03,50.57,41.15,F,19,1.68,NATACAO,INDIGENA
1513,63.96,47.05,76.71,55.82,40.66,M,25,1.87,FUTEBOL,NEGRA
1514,69.01,28.43,57.84,35.67,58.56,F,22,1.63,VOLEI,INDIGENA
1515,50.53,35.53,22.71,26.9,41.72,F,22,1.49,FUTEBOL,BRANCA
1516,53.05,34.46,78.64,27.76,55.04,M,17,1.74,VOLEI,PARDA
1517,61.36,27.96,44.87,40.81,27.06,M,17,1.63,BASQUETE,BRANCA
1518,20.61,55.13,100.0,26.36,46.66,F,26,1.57,BASQUETE,PARDA
1519,77.12,76.76,36.79,17.68,53.73,F,20,1.57,BASQUETE,NEGRA
1520,36.67,0.0,53.41,50.04,45.94,M,21,1.86,CORRIDA,BRANCA
1521,0.0,39.11,71.17,48.04,50.71,M,21,1.68,FUTEBOL,PARDA
1522,43.15,76.02,50.05,40.22,42.96,M,25,1.78,VOLEI,AMARELA
1523,39.57,82.89,31.04,36.02,34.83,F,25,1.5,VOLEI,AMARELA
1524,55.38,31.79,47.23,12.07,43.2,F,27,1.56,BASQUETE,PARDA
1525,49.68,64.82,9.16,17.97,95.06,F,23,1.5,CORRIDA,INDIGENA
1526,65.27,30.24,28.32,67.2,75.01,F,18,1.56,FUTEBOL,AMARELA
1527,35.59,65.81,35.54,58.13,38.09,F,23,1.66,FUTEBOL,NEGRA
1528,69.53,40.78,71.68,53.58,40.01,F,22,1.57,VOLEI,NEGRA
1529,26.79,53.11,39.97,73.95,50.32,M,22,1.78,CORRIDA,INDIGENA
1530,63.89,63.48,86.35,60.61,65.47999999999999,M,20,1.89,VOLEI,BRANCA
1531,71.58,36.71,40.9,63.71,41.97,M,21,1.87,CORRIDA,BRANCA
1532,49.34,63.59,86.93,83.21,44.35,F,21,1.5,VOLEI,INDIGENA
1533,46.15,52.25,56.69,36.22,41.12,F,23,1.58,FUTEBOL,BRANCA
1534,44.68,57.67,24.69,69.62,74.86,F,19,1.52,NATACAO,INDIGENA
1535,39.44,91.86,70.44,52.35,27.2,M,25,1.54,CORRIDA,BRANCA
1536,21.8,60.37,43.46,28.31,54.63,F,24,1.66,VOLEI,PARDA
1537,40.61,47.25,50.43,31.61,55.87,F,23,1.51,VOLEI,INDIGENA
1538,29.76,41.23,22.74,67.68,72.95,M,24,1.78,CORRIDA,INDIGENA
1539,27.2,28.16,63.41,0.0,36.98,F,24,1.6,BASQUETE,AMARELA
1540,55.57,31.11,54.83,25.6,55.56,M,26,1.74,CORRIDA,BRANCA
1541,19.52,33.34,36.8,15.04,40.39,M,21,1.85,BASQUETE,BRANCA
1542,40.38,27.24,56.57,33.88,48.63,M,21,1.84,FUTEBOL,NEGRA
1543,12.87,40.33,30.39,42.87,79.72,F,24,1.7,VOLEI,PARDA
1544,11.02,33.1,32.89,95.13,0.7999999999999998,F,25,1.69,BASQUETE,INDIGENA
1545,49.39,43.39,54.92,44.74,71.46,M,26,1.75,VOLEI,BRANCA
1546,76.79,21.32,51.88,81.0,39.22,F,24,1.49,NATACAO,NEGRA
1547,62.9,39.24,51.03,15.98,83.15,F,28,1.83,NATACAO,NEGRA
1548,79.84,54.11,74.7,82.7,23.3,M,17,1.87,CORRIDA,AMARELA
1549,65.55,76.2,29.88,75.31,41.15,F,18,1.57,CORRIDA,AMARELA
1550,43.12,62.12,28.2,33.95,61.4,F,20,1.48,VOLEI,BRANCA
1551,64.36,77.68,45.47,47.26,43.59,F,23,1.57,BASQUETE,PARDA
1552,43.12,53.76,55.63,44.51,20.58,M,23,1.7,BASQUETE,PARDA
1553,28.21,19.2,20.79,47.13,52.36,F,19,1.57,VOLEI,AMARELA
1554,17.75,96.04,45.65,61.64,43.87,F,18,1.56,FUTEBOL,AMARELA
1555,25.51,28.99,36.7,40.78,39.18,M,22,1.79,BASQUETE,BRANCA
1556,60.6,39.03,59.93,62.02,55.12,M,22,1.58,NATACAO,AMARELA
1557,24.35,43.51,58.07,52.98,38.62,M,24,1.56,VOLEI,BRANCA
1558,77.35,46.52,65.61,15.67,53.36,F,19,1.58,NATACAO,NEGRA
1559,72.48,18.08,30.97,64.77,58.25,M,25,1.79,CORRIDA,PARDA
1560,2.87,59.23,61.89,43.17,44.93,F,19,1.68,FUTEBOL,PARDA
1561,82.96,71.59,39.36,27.81,6.970000000000001,M,25,1.82,VOLEI,AMARELA
1562,28.66,33.41,46.75,65.72,57.96,F,20,1.44,NATACAO,INDIGENA
1563,58.26,55.11,24.97,22.27,0.0,F,18,1.54,FUTEBOL,BRANCA
1564,30.29,64.92,41.66,32.89,50.64,M,20,1.79,BASQUETE,NEGRA
1565,52.3,79.15,40.27,47.37,43.24,M,18,1.87,BASQUETE,NEGRA
1566,75.49,33.25,48.53,72.43,79.28,F,20,1.59,VOLEI,PARDA
1567,20.52,56.12,55.67,53.33,33.64,F,24,1.57,VOLEI,NEGRA
1568,29.34,60.49,73.74,38.09,63.12,M,25,1.65,BASQUETE,BRANCA
1569,45.63,79.05,32.45,56.2,57.7,F,22,1.56,CORRIDA,NEGRA
1570,50.52,51.32,68.34,54.69,63.37,F,24,1.48,CORRIDA,AMARELA
1571,40.12,16.509999999999998,64.08,56.78,18.57,M,28,1.76,CORRIDA,BRANCA
1572,8.34,32.82,29.87,73.45,30.05,M,24,1.62,VOLEI,BRANCA
1573,80.34,70.33,20.59,46.65,66.05,M,26,1.72,VOLEI,AMARELA
1574,73.46,34.91,43.66,56.51,31.1,M,18,1.77,BASQUETE,NEGRA
1575,52.01,44.8,49.49,33.4,48.68,F,23,1.57,VOLEI,BRANCA
1576,34.26,79.23,37.57,57.72,39.17,M,19,1.75,FUTEBOL,BRANCA
1577,36.46,49.89,25.92,93.3,58.21,M,22,1.89,FUTEBOL,NEGRA
1578,21.85,19.9,52.89,41.83,23.92,M,18,1.77,CORRIDA,INDIGENA
1579,42.36,56.29,35.55,57.07,33.14,F,18,1.79,BASQUETE,INDIGENA
1580,75.75,80.91,58.1,17.24,37.92,M,21,1.72,NATACAO,PARDA
1581,84.29,31.71,41.92,55.15,50.4,M,23,1.61,CORRIDA,NEGRA
1582,74.0,54.27,61.57,50.5,77.61,F,24,1.43,CORRIDA,NEGRA
1583,69.24,59.77,76.5,29.6,50.02,M,21,1.73,NATACAO,AMARELA
1584,44.46,46.44,56.83,34.99,30.71,M,24,1.84,FUTEBOL,INDIGENA
1585,67.55,30.12,74.82,36.36,49.52,M,22,1.81,NATACAO,AMARELA
1586,39.2,52.18,54.89,46.89,43.98,F,24,1.49,CORRIDA,BRANCA
1587,82.22,57.2,53.01,38.59,50.27,M,21,1.75,NATACAO,AMARELA
1588,36.16,42.23,58.51,78.52,37.09,F,27,1.58,CORRIDA,NEGRA
1589,65.57,41.98,58.95,27.36,57.17,F,26,1.74,CORRIDA,NEGRA
1590,42.77,59.04,43.67,22.23,66.28999999999999,M,22,1.88,VOLEI,NEGRA
1591,56.19,69.15,63.39,20.56,69.62,M,25,1.66,BASQUETE,NEGRA
1592,28.62,40.04,51.62,70.43,13.55,M,21,1.59,VOLEI,BRANCA
1593,30.27,47.91,16.61,50.37,70.81,M,25,1.67,NATACAO,INDIGENA
1594,67.69,39.59,100.0,66.89,50.54,F,18,1.48,FUTEBOL,AMARELA
1595,46.56,43.67,49.25,50.59,22.26,F,24,1.56,VOLEI,NEGRA
1596,45.77,45.02,32.08,52.16,41.57,M,17,1.86,NATACAO,AMARELA
1597,47.7,68.1,86.18,28.19,30.69,M,23,1.72,VOLEI,INDIGENA
1598,71.63,56.3,43.01,97.96,18.68,M,21,1.68,FUTEBOL,INDIGENA
1599,38.58,80.22,38.9,57.4,46.72,F,21,1.58,VOLEI,NEGRA
1600,32.35,26.93,17.01,37.16,64.65,M,24,1.65,BASQUETE,NEGRA
1601,24.66,52.67,15.170000000000002,31.69,91.61,F,22,1.61,VOLEI,AMARELA
1602,26.63,54.11,71.56,71.92,42.26,F,19,1.49,FUTEBOL,NEGRA
1603,56.7,69.22,35.1,87.42,73.63,F,23,1.57,NATACAO,PARDA
1604,59.63,59.32,56.91,60.96,57.09,F,22,1.68,NATACAO,AMARELA
1605,46.25,39.63,66.79,39.8,39.9,M,27,1.77,BASQUETE,PARDA
1606,35.42,61.65,38.2,35.88,27.26,F,19,1.47,VOLEI,NEGRA
1607,57.75,55.5,35.09,38.57,64.88,M,23,1.82,NATACAO,INDIGENA
1608,79.03,37.52,37.18,100.0,69.36,M,18,1.78,VOLEI,INDIGENA
1609,59.46,62.88,60.09,60.29,76.57,M,18,1.51,NATACAO,PARDA
1610,0.0,69.34,39.05,47.86,98.69,M,23,1.97,NATACAO,BRANCA
1611,36.23,76.7,44.31,21.16,51.66,F,20,1.58,BASQUETE,NEGRA
1612,60.9,21.26,65.06,41.47,70.38,M,24,1.83,VOLEI,BRANCA
1613,70.44,20.75,71.22,41.69,55.93,M,20,1.71,BASQUETE,NEGRA
1614,57.67,18.52,51.8,57.88,70.59,M,18,1.85,CORRIDA,PARDA
1615,47.97,32.91,34.54,77.83,63.23,F,26,1.72,VOLEI,AMARELA
1616,39.58,63.73,16.23,94.3,59.03,F,21,1.57,CORRIDA,PARDA
1617,30.3,68.64,76.65,75.86,33.64,F,25,1.67,FUTEBOL,NEGRA
1618,56.95,73.9,88.55,6.55,99.45,F,25,1.66,VOLEI,AMARELA
1619,61.83,62.13,68.84,9.59,34.629999999999995,M,23,1.84,BASQUETE,AMARELA
1620,87.11,61.81,57.63,35.32,32.21,M,21,1.76,VOLEI,AMARELA
1621,39.82,73.05,69.83,47.05,65.22,M,27,1.78,CORRIDA,BRANCA
1622,35.59,40.97,27.75,52.62,51.49,M,27,1.64,FUTEBOL,PARDA
1623,74.24,55.62,54.93,32.6,90.18,M,21,1.78,VOLEI,AMARELA
1624,18.34,14.36,64.84,55.0,47.86,M,21,1.76,FUTEBOL,INDIGENA
1625,38.34,52.41,23.95,76.05,26.09,F,21,1.71,VOLEI,BRANCA
1626,32.82,48.0,55.72,58.52,46.19,F,27,1.47,FUTEBOL,NEGRA
1627,88.08,59.98,60.67,66.09,92.5,M,17,1.86,FUTEBOL,NEGRA
1628,71.26,41.42,41.84,67.58,70.17,F,17,1.61,FUTEBOL,NEGRA
1629,66.05,73.26,71.27,43.49,37.14,M,23,1.78,FUTEBOL,BRANCA
1630,73.86,54.71,36.99,55.54,81.75,M,23,1.54,FUTEBOL,BRANCA
1631,59.44,51.08,51.72,58.45,58.86,M,20,1.72,VOLEI,BRANCA
1632,83.55,72.88,94.54,32.58,46.18,M,23,1.71,BASQUETE,BRANCA
1633,50.77,20.79,43.28,61.97,50.27,M,23,1.74,NATACAO,INDIGENA
1634,64.49000000000001,33.75,44.9,37.88,48.59,F,21,1.67,BASQUETE,NEGRA
1635,48.54,23.69,67.58,41.2,73.6,M,19,1.75,VOLEI,INDIGENA
1636,49.56,43.84,29.3,50.78,21.54,F,23,1.59,CORRIDA,NEGRA
1637,71.22,78.38,15.760000000000002,65.31,8.23,F,27,1.87,CORRIDA,BRANCA
1638,31.65,66.74,44.51,40.98,28.67,M,25,1.74,NATACAO,BRANCA
1639,8.83,43.27,59.07,61.85,89.69,F,26,1.69,CORRIDA,PARDA
1640,54.17,18.06,21.04,31.35,68.09,F,17,1.46,CORRIDA,AMARELA
1641,55.11,40.74,48.19,40.2,55.87,F,18,1.57,NATACAO,BRANCA
1642,56.34,55.86,76.39,62.52,72.34,F,21,1.65,FUTEBOL,BRANCA
1643,73.85,39.16,28.45,27.62,54.1,F,20,1.48,VOLEI,INDIGENA
1644,29.01,84.97,1.7200000000000002,35.74,73.8,M,23,1.69,CORRIDA,AMARELA
1645,62.61,47.0,50.3,12.8,39.17,F,23,1.54,CORRIDA,NEGRA
1646,43.41,70.35,51.28,24.16,27.64,F,22,1.4,BASQUETE,BRANCA
1647,56.92,33.870000000000005,63.739999999999995,77.24,47.96,F,22,1.5,FUTEBOL,BRANCA
1648,42.17,46.36,24.67,77.11,23.58,F,19,1.5,VOLEI,AMARELA
1649,65.42,34.51,72.67,50.43,81.9,M,23,1.73,VOLEI,BRANCA
1650,48.91,55.4,38.77,69.74,69.94,F,19,1.56,BASQUETE,BRANCA
1651,81.69,71.4,47.26,29.88,69.58,F,26,1.66,VOLEI,AMARELA
1652,16.97,51.41,34.26,73.37,39.01,F,24,1.41,FUTEBOL,INDIGENA
1653,10.35,55.51,64.3,42.35,77.96,M,17,1.57,BASQUETE,BRANCA
1654,37.61,43.28,26.5,40.02,36.43,M,23,1.7,VOLEI,AMARELA
1655,37.19,43.03,34.16,36.94,60.8,F,20,1.48,FUTEBOL,INDIGENA
1656,68.06,32.08,60.8,99.79,51.9,F,19,1.71,FUTEBOL,INDIGENA
1657,38.14,58.8,70.22,52.0,86.07,F,24,1.49,FUTEBOL,NEGRA
1658,59.94,39.02,46.27,61.51,47.33,M,20,1.8,NATACAO,PARDA
1659,59.55,27.03,54.72,23.43,64.27000000000001,M,23,1.83,FUTEBOL,PARDA
1660,54.98,36.36,21.69,40.99,83.9,M,23,1.95,VOLEI,INDIGENA
1661,65.51,49.85,55.92,90.94,41.13,M,17,1.87,NATACAO,NEGRA
1662,75.84,73.06,71.17,40.06,76.28,F,17,1.54,BASQUETE,BRANCA
1663,51.19,54.52,31.840000000000003,66.17,24.58,M,24,1.72,FUTEBOL,NEGRA
1664,54.58,67.62,15.559999999999999,71.71,76.19,M,23,1.71,NATACAO,PARDA
1665,70.19,86.16,16.69,29.32,77.05,F,28,1.6,BASQUETE,BRANCA
1666,67.02,27.27,77.55,38.87,56.57,F,20,1.49,VOLEI,BRANCA
1667,97.99,37.66,45.8,47.65,53.89,F,28,1.48,VOLEI,BRANCA
1668,81.97,38.9,37.37,87.87,64.49000000000001,F,25,1.68,CORRIDA,BRANCA
1669,27.56,50.77,57.08,54.28,30.13,F,24,1.54,CORRIDA,BRANCA
1670,64.96000000000001,24.35,30.39,49.26,23.64,F,19,1.56,FUTEBOL,NEGRA
1671,52.36,27.8,23.18,63.28,68.27,F,22,1.61,NATACAO,NEGRA
1672,0.0,46.57,65.47,20.32,70.41,F,18,1.4,NATACAO,PARDA
1673,63.21,64.4,72.78,42.38,67.38,M,20,1.78,CORRIDA,INDIGENA
1674,58.77,100.0,74.56,36.59,22.5,F,17,1.62,NATACAO,BRANCA
1675,80.46,34.79,61.33,49.45,61.62,F,24,1.67,FUTEBOL,INDIGENA
1676,9.73,69.81,20.33,58.58,76.26,M,25,1.92,VOLEI,PARDA
1677,38.81,51.56,29.38,37.64,58.69,M,24,1.75,NATACAO,AMARELA
1678,66.03,84.13,100.0,59.83,54.99,M,25,1.65,CORRIDA,BRANCA
1679,73.19,62.67,49.69,36.35,80.54,M,21,1.6,BASQUETE,PARDA
1680,73.88,63.31,92.8,64.88,34.6,M,23,1.87,CORRIDA,PARDA
1681,51.8,81.54,44.8,78.46,84.18,M,20,1.71,BASQUETE,AMARELA
1682,88.15,34.61,60.81,62.88,42.14,M,22,1.64,CORRIDA,PARDA
1683,100.0,51.38,3.34,41.59,93.07,F,19,1.57,NATACAO,PARDA
1684,49.08,28.83,73.23,42.14,78.18,F,20,1.62,NATACAO,NEGRA
1685,54.72,67.14,52.47,44.15,32.4,F,25,1.59,BASQUETE,AMARELA
1686,41.57,54.56,46.86,38.88,45.09,F,24,1.6,BASQUETE,PARDA
1687,62.01,24.8,37.58,66.51,100.0,M,18,1.73,CORRIDA,BRANCA
1688,51.57,75.48,63.81,59.97,40.94,M,28,1.64,FUTEBOL,PARDA
1689,67.49,56.67,55.77,64.26,27.33,F,20,1.52,FUTEBOL,PARDA
1690,79.7,46.48,65.89,44.62,49.23,M,17,1.76,VOLEI,PARDA
1691,57.13,61.83,17.49,24.02,45.07,M,20,1.79,CORRIDA,BRANCA
1692,64.55,53.76,33.49,63.08,23.07,M,17,1.83,CORRIDA,PARDA
1693,66.97,74.38,33.53,44.31,59.96,F,19,1.57,CORRIDA,AMARELA
1694,47.86,78.9,66.68,61.26,44.31,F,23,1.67,CORRIDA,NEGRA
1695,64.22999999999999,33.03,23.69,72.2,42.67,M,21,1.85,CORRIDA,PARDA
1696,57.22,60.41,80.46,28.01,36.44,M,22,1.54,BASQUETE,BRANCA
1697,36.94,31.4,47.62,18.86,60.03,F,20,1.67,BASQUETE,BRANCA
1698,73.21,71.32,54.43,61.46,46.48,F,23,1.52,CORRIDA,INDIGENA
1699,80.54,58.5,31.92,81.73,35.06,M,24,1.9,BASQUETE,PARDA
1700,57.56,45.15,46.88,49.54,62.12,F,23,1.48,BASQUETE,AMARELA
1701,56.05,40.07,83.63,27.24,32.489999999999995,F,22,1.54,NATACAO,BRANCA
1702,64.37,86.28,44.7,37.82,75.59,M,23,1.69,BASQUETE,NEGRA
1703,33.71,81.38,66.65,62.5,69.8,M,23,1.8,CORRIDA,AMARELA
1704,11.99,59.06,37.47,43.16,18.66,M,20,1.73,CORRIDA,AMARELA
1705,59.05,70.98,22.39,29.05,38.6,F,25,1.59,BASQUETE,INDIGENA
1706,43.57,5.79,82.28,27.41,53.8,M,23,1.67,FUTEBOL,PARDA
1707,59.2,68.25,36.05,26.96,56.9,F,19,1.6,NATACAO,PARDA
1708,47.65,29.74,26.97,59.03,27.1,F,20,1.63,CORRIDA,AMARELA
1709,63.23,66.91,23.08,46.55,17.509999999999998,M,20,1.69,FUTEBOL,AMARELA
1710,60.19,61.67,41.74,44.31,0.0,F,27,1.58,FUTEBOL,PARDA
1711,76.4,65.78,36.21,70.38,84.5,M,23,1.66,FUTEBOL,INDIGENA
1712,54.75,77.42,0.0,55.44,60.45,F,17,1.72,BASQUETE,INDIGENA
1713,27.24,36.83,21.61,69.22,43.45,F,27,1.54,FUTEBOL,INDIGENA
1714,20.48,26.86,69.63,65.36,40.92,M,22,1.9,NATACAO,PARDA
1715,19.1,43.19,16.28,9.56,53.41,M,20,1.68,NATACAO,BRANCA
1716,63.49,34.49,19.45,67.29,54.07,F,27,1.57,VOLEI,PARDA
1717,62.93,47.51,28.78,39.69,42.09,F,22,1.53,CORRIDA,AMARELA
1718,88.19,30.95,72.0,42.82,33.17,F,17,1.58,BASQUETE,BRANCA
1719,53.24,66.98,57.83,61.91,51.64,M,21,1.77,NATACAO,INDIGENA
1720,77.42,62.04,42.29,21.38,36.38,F,22,1.68,VOLEI,PARDA
1721,30.57,54.12,47.64,45.44,77.07,M,21,1.65,NATACAO,INDIGENA
1722,31.3,32.45,31.799999999999997,56.54,63.96,M,18,1.78,BASQUETE,PARDA
1723,45.29,27.45,69.31,67.66,36.39,F,23,1.68,VOLEI,INDIGENA
1724,35.66,75.93,90.59,56.17,38.01,F,21,1.54,FUTEBOL,BRANCA
1725,0.0,60.44,35.99,39.73,52.52,M,18,1.79,FUTEBOL,AMARELA
1726,43.21,64.44,48.3,23.61,42.62,M,17,1.7,BASQUETE,NEGRA
1727,64.22,46.62,25.38,50.27,70.83,M,23,1.67,FUTEBOL,NEGRA
1728,42.04,15.53,55.24,53.53,70.39,F,20,1.69,CORRIDA,INDIGENA
1729,65.16,19.62,36.42,68.38,33.91,F,27,1.57,CORRIDA,AMARELA
1730,56.0,42.01,70.99,72.58,74.47,M,25,1.71,FUTEBOL,NEGRA
1731,30.28,70.03,42.39,75.9,44.91,F,24,1.63,VOLEI,BRANCA
1732,41.09,50.57,42.45,68.23,51.7,M,23,1.83,FUTEBOL,PARDA
1733,71.79,62.69,40.05,59.75,31.98,M,21,1.74,FUTEBOL,AMARELA
1734,33.9,54.03,31.65,55.35,25.79,M,26,1.76,CORRIDA,AMARELA
1735,27.36,46.35,39.14,48.8,44.43,F,17,1.7,VOLEI,INDIGENA
1736,79.57,60.46,33.9,55.64,63.22,M,23,1.59,VOLEI,INDIGENA
1737,35.41,34.41,26.27,92.87,78.41,M,26,1.72,CORRIDA,INDIGENA
1738,59.07,45.89,60.59,45.09,87.91,M,23,1.84,BASQUETE,AMARELA
1739,17.47,73.29,61.53,38.58,77.1,F,22,1.56,CORRIDA,NEGRA
1740,16.89,72.19,42.66,64.06,59.88,M,23,1.74,FUTEBOL,NEGRA
1741,63.39,44.85,68.17,63.43,77.13,F,24,1.7,VOLEI,AMARELA
1742,60.02,58.45,61.09,40.38,93.02,M,20,1.8,BASQUETE,NEGRA
1743,82.93,18.62,50.47,42.58,59.54,M,20,1.87,FUTEBOL,AMARELA
1744,78.87,57.12,52.32,48.0,27.95,M,21,1.75,NATACAO,PARDA
1745,76.43,32.230000000000004,39.96,63.4,33.620000000000005,M,17,1.96,NATACAO,INDIGENA
1746,99.77,37.03,43.5,48.02,72.55,F,17,1.55,FUTEBOL,AMARELA
1747,41.07,49.78,64.04,17.72,0.0,M,19,1.69,FUTEBOL,NEGRA
1748,49.25,26.32,42.72,69.05,60.85,F,23,1.62,BASQUETE,PARDA
1749,41.47,87.96,16.86,13.13,11.09,F,21,1.71,VOLEI,PARDA
1750,63.38,100.0,28.03,89.03,83.17,F,27,1.58,NATACAO,AMARELA
1751,51.07,22.99,38.39,30.07,54.38,M,23,1.61,FUTEBOL,INDIGENA
1752,88.07,59.3,34.87,23.68,30.93,F,26,1.45,FUTEBOL,BRANCA
1753,75.97,6.36,59.9,36.7,57.83,M,22,1.6,VOLEI,NEGRA
1754,74.29,66.77,38.57,80.05,55.3,F,25,1.67,BASQUETE,NEGRA
1755,56.34,100.0,51.58,43.74,45.59,F,19,1.53,BASQUETE,NEGRA
1756,37.14,30.2,38.36,26.48,62.61,M,23,1.91,NATACAO,INDIGENA
1757,84.43,49.88,33.12,52.49,49.46,F,19,1.4,FUTEBOL,AMARELA
1758,20.7,14.92,93.78,65.13,0.0,F,26,1.66,CORRIDA,PARDA
1759,67.74,46.07,48.35,48.88,46.9,F,19,1.56,CORRIDA,NEGRA
1760,30.1,87.5,70.58,0.0,57.67,M,27,1.81,VOLEI,PARDA
1761,44.4,77.87,59.78,70.95,56.71,M,18,1.67,VOLEI,PARDA
1762,51.41,74.65,85.55,40.32,63.54,M,19,1.91,BASQUETE,AMARELA
1763,38.99,54.48,21.08,42.56,48.98,M,25,1.7,FUTEBOL,NEGRA
1764,84.32,65.68,74.86,59.27,44.57,M,23,1.67,CORRIDA,AMARELA
1765,44.92,79.52,67.92,52.87,79.91,M,19,1.78,CORRIDA,INDIGENA
1766,37.66,39.59,81.3,36.64,35.9,M,23,1.76,FUTEBOL,INDIGENA
1767,52.97,55.22,36.28,24.47,40.35,F,20,1.66,BASQUETE,AMARELA
1768,55.27,62.02,59.06,52.86,32.31,F,20,1.5,NATACAO,NEGRA
1769,89.58,25.3,54.18,36.47,100.0,M,25,1.79,BASQUETE,BRANCA
1770,39.36,58.2,62.42,91.63,57.02,F,19,1.48,BASQUETE,PARDA
1771,0.0,67.45,28.28,41.35,67.49,F,24,1.66,FUTEBOL,AMARELA
1772,51.33,53.69,51.44,64.26,42.48,F,20,1.6,CORRIDA,NEGRA
1773,32.82,53.07,46.94,68.79,54.17,M,24,1.83,BASQUETE,PARDA
1774,55.72,53.34,52.98,61.71,76.95,F,19,1.61,NATACAO,BRANCA
1775,38.71,58.98,62.93,80.37,75.41,M,18,1.87,FUTEBOL,PARDA
1776,66.71,45.33,51.25,86.35,27.72,F,17,1.6,NATACAO,NEGRA
1777,45.91,55.63,36.47,36.03,66.42,F,24,1.57,FUTEBOL,INDIGENA
1778,17.5,31.52,45.89,60.91,53.5,F,26,1.7,BASQUETE,AMARELA
1779,23.01,54.09,56.97,20.98,58.41,M,23,1.84,BASQUETE,PARDA
1780,28.66,52.2,40.56,67.42,42.16,F,18,1.46,BASQUETE,BRANCA
1781,55.33,63.28,89.93,36.04,57.33,M,20,1.95,BASQUETE,NEGRA
1782,68.79,44.37,38.79,46.64,71.73,F,24,1.57,BASQUETE,INDIGENA
1783,56.75,40.69,67.76,32.55,60.88,F,21,1.66,NATACAO,AMARELA
1784,53.93,80.65,43.75,56.42,66.18,M,19,1.8,FUTEBOL,BRANCA
1785,6.44,57.04,51.42,54.07,65.6,F,22,1.73,VOLEI,NEGRA
1786,31.61,0.0,82.42,49.67,50.18,M,17,1.76,VOLEI,AMARELA
1787,34.85,87.02,36.59,50.15,49.91,M,23,1.7,NATACAO,AMARELA
1788,53.72,78.46,27.72,42.7,60.19,M,19,1.73,CORRIDA,NEGRA
1789,62.9,15.71,63.72,60.74,55.06,M,20,1.9,CORRIDA,PARDA
1790,39.85,69.61,41.02,31.31,57.45,F,18,1.48,FUTEBOL,NEGRA
1791,37.54,80.1,89.62,36.38,77.69,F,24,1.57,CORRIDA,BRANCA
1792,38.38,49.22,69.15,66.38,12.51,M,24,1.82,NATACAO,BRANCA
1793,77.4,64.57,24.88,63.13,55.24,F,22,1.64,BASQUETE,BRANCA
1794,32.59,57.39,66.75,51.23,69.81,M,20,1.82,FUTEBOL,AMARELA
1795,66.1,90.49,37.84,59.3,62.89,F,24,1.46,NATACAO,INDIGENA
1796,35.64,44.16,58.25,80.39,40.02,M,23,1.57,BASQUETE,NEGRA
1797,63.48,8.66,41.9,66.12,37.72,M,22,1.67,CORRIDA,PARDA
1798,41.31,21.98,40.9,76.34,57.57,M,20,1.81,CORRIDA,AMARELA
1799,76.07,30.03,68.45,47.15,44.5,M,22,1.95,VOLEI,INDIGENA
1800,39.41,95.01,38.73,19.67,57.77,M,25,1.79,FUTEBOL,INDIGENA
1801,50.77,53.84,31.33,35.45,57.63,M,21,1.76,CORRIDA,AMARELA
1802,39.79,68.8,50.9,55.22,52.88,M,27,1.67,CORRIDA,AMARELA
1803,80.41,74.94,59.48,52.37,100.0,M,20,1.76,NATACAO,NEGRA
1804,65.43,28.78,53.55,59.24,52.35,M,20,1.72,VOLEI,NEGRA
1805,40.64,53.1,54.18,43.67,40.56,M,25,1.59,FUTEBOL,AMARELA
1806,43.07,31.83,43.85,46.34,43.36,M,23,1.7,FUTEBOL,BRANCA
1807,61.46,0.0,77.46,43.2,64.16,M,23,1.95,NATACAO,NEGRA
1808,74.06,58.55,56.08,33.82,33.42,F,19,1.62,NATACAO,BRANCA
1809,47.2,44.33,58.68,35.76,63.06,F,22,1.64,VOLEI,INDIGENA
1810,45.92,57.48,52.33,66.61,6.54,M,17,1.71,BASQUETE,NEGRA
1811,16.57,51.89,57.92,37.28,78.21,F,18,1.36,NATACAO,PARDA
1812,66.32,82.21,27.89,0.0,49.25,M,21,1.65,CORRIDA,INDIGENA
1813,34.28,42.77,37.76,0.0,21.82,M,27,1.77,FUTEBOL,PARDA
1814,52.81,73.08,49.33,58.13,68.26,M,25,1.79,FUTEBOL,NEGRA
1815,62.02,75.94,36.5,80.91,42.06,F,24,1.64,FUTEBOL,INDIGENA
1816,56.37,32.0,61.8,19.23,57.27,F,27,1.58,NATACAO,NEGRA
1817,75.87,36.74,36.69,40.6,72.46,M,25,1.8,NATACAO,BRANCA
1818,43.66,43.74,51.49,58.41,21.48,M,19,1.75,CORRIDA,PARDA
1819,59.04,58.81,60.38,25.76,65.53999999999999,F,21,1.67,NATACAO,PARDA
1820,65.87,34.57,66.99,44.28,36.78,F,24,1.43,NATACAO,AMARELA
1821,49.92,71.45,51.43,70.51,26.22,F,21,1.55,NATACAO,PARDA
1822,38.51,63.66,43.67,75.15,35.12,F,22,1.64,FUTEBOL,BRANCA
1823,92.96,72.9,24.27,35.67,67.47,F,28,1.48,VOLEI,AMARELA
1824,22.43,53.88,31.57,39.2,96.79,F,24,1.62,CORRIDA,PARDA
1825,46.08,56.45,15.920000000000002,31.75,78.59,F,21,1.45,CORRIDA,NEGRA
1826,51.25,57.29,59.91,23.95,39.21,M,18,1.74,NATACAO,PARDA
1827,73.0,52.43,75.28,43.81,42.88,M,23,1.61,CORRIDA,AMARELA
1828,36.26,0.0,87.41,71.23,61.57,F,21,1.57,BASQUETE,AMARELA
1829,67.96,24.1,32.24,50.7,7.56,M,25,1.83,VOLEI,NEGRA
1830,49.36,65.62,48.67,19.01,65.14,F,22,1.61,CORRIDA,INDIGENA
1831,51.08,37.7,57.23,38.69,58.24,M,21,1.69,NATACAO,INDIGENA
1832,71.75,45.04,54.04,38.22,64.84,M,23,1.74,CORRIDA,AMARELA
1833,94.06,32.44,28.98,58.16,44.13,F,23,1.6,FUTEBOL,PARDA
1834,65.38,54.71,15.329999999999998,53.14,68.7,M,22,1.66,FUTEBOL,BRANCA
1835,20.59,60.58,83.38,32.79,70.06,F,25,1.53,VOLEI,INDIGENA
1836,33.61,60.26,100.0,0.69,72.4,F,17,1.56,VOLEI,PARDA
1837,55.75,52.54,47.53,63.93,38.27,M,24,1.76,BASQUETE,PARDA
1838,82.81,41.9,49.2,71.93,37.24,F,17,1.57,VOLEI,BRANCA
1839,49.66,24.87,18.7,82.04,46.8,F,22,1.67,BASQUETE,BRANCA
1840,23.59,90.57,70.22,41.82,36.11,M,18,1.74,NATACAO,NEGRA
1841,34.4,79.96,19.17,56.9,22.0,M,26,1.88,VOLEI,INDIGENA
1842,73.36,50.2,88.63,19.82,28.21,M,22,1.79,FUTEBOL,BRANCA
1843,83.49,22.89,61.62,74.59,91.87,F,22,1.51,VOLEI,AMARELA
1844,79.43,43.06,26.08,10.97,37.45,F,19,1.72,BASQUETE,BRANCA
1845,17.6,39.98,33.7,43.37,21.04,F,19,1.45,CORRIDA,NEGRA
1846,52.64,61.78,56.36,54.52,50.22,M,17,1.7,VOLEI,AMARELA
1847,46.39,50.97,48.46,72.92,62.39,F,25,1.57,VOLEI,NEGRA
1848,24.07,48.64,52.49,69.75,31.42,M,21,1.78,NATACAO,AMARELA
1849,35.64,47.19,38.78,43.09,85.43,M,20,1.7,FUTEBOL,PARDA
1850,82.31,51.38,11.78,55.11,21.8,F,22,1.73,NATACAO,NEGRA
1851,64.17,78.98,10.9,55.09,85.23,M,25,1.62,VOLEI,NEGRA
1852,76.16,50.59,33.28,75.68,86.61,F,22,1.7,VOLEI,NEGRA
1853,65.05,44.38,24.98,64.48,63.15,M,25,1.62,CORRIDA,NEGRA
1854,31.89,41.93,6.6,54.7,62.04,M,27,1.75,BASQUETE,BRANCA
1855,48.3,25.99,0.0,79.41,92.22,F,21,1.53,FUTEBOL,BRANCA
1856,37.04,69.86,58.4,46.62,34.9,F,22,1.7,CORRIDA,NEGRA
1857,45.69,66.51,52.15,19.55,55.18,M,20,1.67,FUTEBOL,AMARELA
1858,70.16,30.24,44.41,78.74,46.2,M,23,1.85,BASQUETE,NEGRA
1859,70.88,77.82,52.76,35.64,45.95,M,23,1.69,CORRIDA,AMARELA
1860,47.9,61.87,34.6,78.17,69.1,F,19,1.58,BASQUETE,INDIGENA
1861,47.31,57.13,24.96,85.07,67.9,M,22,1.68,FUTEBOL,NEGRA
1862,70.95,28.49,70.77,50.73,50.78,M,23,1.73,VOLEI,BRANCA
1863,43.98,60.9,54.23,34.35,100.0,M,17,1.86,FUTEBOL,NEGRA
1864,35.88,97.93,14.31,45.74,41.28,F,19,1.54,VOLEI,INDIGENA
1865,28.11,38.67,45.74,80.09,74.58,M,24,1.76,NATACAO,NEGRA
1866,39.82,43.65,42.36,58.12,47.35,F,21,1.57,NATACAO,AMARELA
1867,79.91,5.6899999999999995,62.12,28.86,10.5,M,21,1.74,VOLEI,NEGRA
1868,45.29,26.88,34.66,30.83,72.09,F,27,1.67,FUTEBOL,INDIGENA
1869,49.99,52.25,64.87,20.23,47.04,F,26,1.63,VOLEI,PARDA
1870,52.97,40.92,53.76,34.73,98.53,M,27,1.72,FUTEBOL,NEGRA
1871,57.51,11.74,42.24,19.24,33.79,M,17,1.72,VOLEI,INDIGENA
1872,49.8,61.06,65.71,55.19,53.15,F,20,1.53,FUTEBOL,INDIGENA
1873,52.51,45.29,20.5,66.17,73.23,F,27,1.62,VOLEI,NEGRA
1874,41.93,33.260000000000005,28.25,55.64,39.33,F,25,1.56,NATACAO,PARDA
1875,71.85,46.38,42.58,38.24,85.24,M,21,1.72,NATACAO,BRANCA
1876,54.5,57.92,47.95,24.6,12.31,F,22,1.48,NATACAO,AMARELA
1877,9.36,21.6,49.42,39.05,30.9,M,19,1.83,FUTEBOL,AMARELA
1878,41.23,20.18,50.19,82.76,88.48,M,20,1.55,BASQUETE,NEGRA
1879,18.7,60.7,66.03,62.5,66.88,M,19,1.8,VOLEI,BRANCA
1880,35.17,77.66,68.16,16.02,63.38,F,20,1.56,BASQUETE,AMARELA
1881,64.33,55.46,65.7,76.21,41.29,M,28,1.67,CORRIDA,BRANCA
1882,33.95,73.77,40.14,66.46,95.02,M,22,1.74,CORRIDA,AMARELA
1883,52.54,59.94,72.22,66.53,40.75,F,27,1.58,VOLEI,NEGRA
1884,31.96,55.55,21.18,81.75,37.56,F,21,1.52,NATACAO,PARDA
1885,33.11,51.96,46.84,73.39,32.0,M,22,1.78,CORRIDA,AMARELA
1886,49.36,9.02,56.12,61.26,23.66,F,23,1.66,CORRIDA,NEGRA
1887,66.74,36.58,79.31,67.39,37.03,F,27,1.74,FUTEBOL,NEGRA
1888,64.17,71.52,50.6,35.39,45.03,M,20,1.67,CORRIDA,BRANCA
1889,57.63,53.03,33.94,63.76,72.58,M,22,1.8,VOLEI,NEGRA
1890,40.37,33.68,14.52,55.71,78.83,M,25,1.82,NATACAO,NEGRA
1891,87.41,66.73,62.91,48.05,65.92,M,18,1.81,FUTEBOL,BRANCA
1892,33.17,68.67,31.75,0.0,56.72,M,25,1.61,VOLEI,BRANCA
1893,49.22,50.04,65.11,37.66,69.76,F,24,1.54,FUTEBOL,BRANCA
1894,41.6,37.1,45.43,65.82,36.35,F,20,1.66,VOLEI,BRANCA
1895,44.93,54.72,50.9,12.28,40.28,F,18,1.7,BASQUETE,INDIGENA
1896,39.32,42.98,44.7,76.15,61.1,M,23,2.0,NATACAO,NEGRA
1897,64.4,39.19,5.26,72.42,64.4,F,21,1.67,NATACAO,INDIGENA
1898,49.91,46.11,58.06,73.61,52.35,F,28,1.66,FUTEBOL,AMARELA
1899,37.62,70.98,57.6,71.51,43.1,M,23,1.82,NATACAO,PARDA
1900,75.8,59.28,57.47,20.42,51.83,M,19,1.83,CORRIDA,INDIGENA
1901,79.75,55.71,29.1,48.28,65.64,M,18,1.69,FUTEBOL,INDIGENA
1902,20.85,60.67,32.2,47.33,58.82,M,27,1.76,NATACAO,PARDA
1903,56.38,62.99,51.75,84.08,22.42,F,23,1.56,NATACAO,NEGRA
1904,49.97,51.77,33.33,72.31,47.33,F,23,1.56,BASQUETE,PARDA
1905,30.82,48.9,55.13,65.0,18.880000000000003,M,22,1.67,VOLEI,BRANCA
1906,0.0,39.08,55.14,15.71,78.97,F,25,1.64,BASQUETE,INDIGENA
1907,45.83,57.88,69.8,43.92,65.06,F,23,1.63,CORRIDA,PARDA
1908,64.62,70.34,26.83,50.56,57.99,F,20,1.63,VOLEI,BRANCA
1909,46.6,36.64,87.68,62.55,25.2,M,23,1.77,NATACAO,AMARELA
1910,95.65,23.32,68.77,64.41,47.71,M,17,1.74,FUTEBOL,BRANCA
1911,53.84,75.13,74.32,44.77,99.96,M,22,1.74,FUTEBOL,INDIGENA
1912,49.42,33.89,45.45,37.03,27.47,F,22,1.6,CORRIDA,NEGRA
1913,35.29,52.97,74.03,47.26,77.9,M,23,1.71,VOLEI,BRANCA
1914,13.04,49.24,76.72,84.31,73.87,M,22,1.7,CORRIDA,BRANCA
1915,64.1,0.0,52.14,57.98,100.0,F,19,1.67,FUTEBOL,PARDA
1916,90.82,31.18,70.59,33.38,63.74,M,25,1.73,VOLEI,INDIGENA
1917,40.69,59.62,32.13,85.38,80.06,F,27,1.51,FUTEBOL,BRANCA
1918,86.69,9.79,50.96,38.91,66.03,F,25,1.59,CORRIDA,PARDA
1919,42.0,62.86,62.94,73.77,77.54,F,21,1.67,CORRIDA,INDIGENA
1920,55.86,34.65,58.38,22.41,53.54,F,25,1.48,BASQUETE,NEGRA
1921,45.38,32.25,66.49,26.84,65.39,M,21,1.68,FUTEBOL,NEGRA
1922,54.72,51.86,2.06,31.97,59.16,F,21,1.47,NATACAO,PARDA
1923,80.85,15.19,58.36,6.11,38.28,F,22,1.75,FUTEBOL,NEGRA
1924,73.86,72.73,69.23,75.44,46.02,M,19,1.71,FUTEBOL,AMARELA
1925,22.88,73.11,14.51,68.73,56.59,M,22,1.77,CORRIDA,NEGRA
1926,53.18,29.58,64.6,68.88,74.38,F,21,1.45,FUTEBOL,PARDA
1927,60.92,57.39,53.53,32.97,31.75,M,22,1.75,CORRIDA,AMARELA
1928,15.54,39.44,69.63,38.51,47.7,M,19,1.74,CORRIDA,NEGRA
1929,59.7,51.13,28.79,68.74,59.88,M,23,1.65,VOLEI,AMARELA
1930,56.6,41.38,58.49,22.76,56.26,M,23,1.64,VOLEI,BRANCA
1931,77.39,52.78,60.9,60.83,61.56,M,22,1.66,BASQUETE,NEGRA
1932,47.69,48.08,42.41,100.0,29.34,F,20,1.65,VOLEI,BRANCA
1933,55.92,85.13,44.93,72.77,46.96,F,22,1.43,NATACAO,BRANCA
1934,30.17,89.16,25.38,49.47,53.69,F,21,1.4,FUTEBOL,PARDA
1935,56.82,68.03,74.7,74.68,66.32,M,26,1.63,NATACAO,NEGRA
1936,74.58,51.02,76.37,48.67,19.15,F,21,1.59,VOLEI,INDIGENA
1937,33.25,65.12,32.3,76.68,31.12,F,23,1.88,BASQUETE,BRANCA
1938,75.98,45.25,58.05,49.68,86.95,F,22,1.35,FUTEBOL,AMARELA
1939,35.62,66.41,58.67,60.87,48.22,F,20,1.54,FUTEBOL,NEGRA
1940,45.56,30.45,100.0,45.18,54.78,M,19,2.0,CORRIDA,BRANCA
1941,31.29,41.25,61.43,26.61,68.04,M,19,1.79,BASQUETE,PARDA
1942,29.76,73.59,33.39,49.42,74.5,M,19,1.75,BASQUETE,BRANCA
1943,36.04,57.32,56.79,31.53,71.28,M,23,1.95,FUTEBOL,PARDA
1944,22.97,58.1,67.1,36.87,80.84,F,24,1.58,VOLEI,BRANCA
1945,37.75,24.45,100.0,18.98,55.68,F,24,1.64,BASQUETE,NEGRA
1946,61.63,48.44,54.9,75.24,87.4,M,22,1.84,CORRIDA,AMARELA
1947,43.64,55.14,62.42,83.37,57.84,F,21,1.7,FUTEBOL,NEGRA
1948,69.48,60.59,39.56,80.12,69.84,F,19,1.58,CORRIDA,PARDA
1949,57.09,68.34,45.17,65.14,98.25,F,17,1.59,NATACAO,AMARELA
1950,32.21,76.32,46.83,51.81,58.56,M,18,1.73,NATACAO,PARDA
1951,25.1,32.85,17.05,46.33,15.82,F,28,1.59,NATACAO,AMARELA
1952,57.46,44.6,69.06,46.17,51.3,F,22,1.74,CORRIDA,INDIGENA
1953,37.24,63.5,57.07,70.7,50.26,M,20,1.71,NATACAO,NEGRA
1954,76.82,47.37,85.52,53.31,95.39,M,23,1.7,CORRIDA,AMARELA
1955,23.52,36.24,58.95,26.52,46.58,F,23,1.61,CORRIDA,PARDA
1956,62.92,76.1,30.1,44.79,70.19,F,18,1.48,FUTEBOL,BRANCA
1957,27.77,55.22,40.21,33.68,30.64,F,26,1.67,BASQUETE,INDIGENA
1958,68.56,64.71000000000001,44.5,47.48,47.82,M,25,1.77,FUTEBOL,NEGRA
1959,26.03,82.39,10.5,29.0,81.67,F,17,1.67,CORRIDA,BRANCA
1960,83.44,39.07,33.23,49.25,43.7,F,20,1.57,CORRIDA,BRANCA
1961,49.38,63.49,50.12,24.05,79.15,F,18,1.77,CORRIDA,NEGRA
1962,32.28,45.16,34.11,36.66,96.95,F,24,1.67,NATACAO,AMARELA
1963,71.6,71.89,35.33,41.54,56.51,M,18,1.75,CORRIDA,PARDA
1964,57.14,41.96,45.11,57.95,56.01,M,22,1.9,FUTEBOL,INDIGENA
1965,56.45,27.65,71.18,65.0,69.08,F,24,1.69,NATACAO,PARDA
1966,64.25,87.96,43.62,14.12,41.8,M,24,1.71,FUTEBOL,INDIGENA
1967,97.18,58.5,41.8,59.18,48.48,M,21,1.96,FUTEBOL,BRANCA
1968,32.07,52.68,59.49,33.08,48.79,M,22,1.61,NATACAO,AMARELA
1969,53.37,39.71,61.25,80.5,33.19,M,20,1.96,BASQUETE,INDIGENA
1970,57.11,44.1,38.84,65.41,80.06,M,22,1.84,FUTEBOL,NEGRA
1971,78.6,32.519999999999996,33.67,16.38,49.18,M,23,1.71,NATACAO,BRANCA
1972,44.4,64.45,42.39,3.04,50.47,M,25,1.68,VOLEI,AMARELA
1973,71.62,51.29,25.6,29.85,51.39,M,22,1.82,VOLEI,AMARELA
1974,79.34,73.39,38.74,43.71,61.77,F,27,1.65,VOLEI,PARDA
1975,36.9,32.41,29.92,26.63,64.12,F,26,1.48,CORRIDA,NEGRA
1976,89.71,19.75,48.6,70.54,20.46,F,18,1.54,VOLEI,AMARELA
1977,56.89,56.78,30.8,76.26,65.89,F,24,1.64,FUTEBOL,PARDA
1978,38.99,22.59,54.84,75.23,46.67,M,24,1.65,BASQUETE,NEGRA
1979,68.87,64.88,58.73,17.71,27.0,M,18,1.69,CORRIDA,PARDA
1980,56.16,39.75,71.22,57.17,68.33,M,23,1.79,VOLEI,INDIGENA
1981,59.62,32.57,66.6,43.73,81.04,M,24,1.71,CORRIDA,BRANCA
1982,86.49,24.77,76.91,57.0,61.1,F,23,1.57,VOLEI,AMARELA
1983,35.2,82.28,65.59,43.79,53.24,F,21,1.48,FUTEBOL,PARDA
1984,59.61,48.45,55.07,86.87,93.87,F,28,1.58,VOLEI,INDIGENA
1985,59.49,98.55,45.94,60.48,41.56,M,28,1.91,FUTEBOL,PARDA
1986,37.83,76.2,55.07,35.34,58.23,F,23,1.63,NATACAO,INDIGENA
1987,63.0,91.58,15.32,31.39,64.28,M,20,1.74,CORRIDA,AMARELA
1988,68.43,49.39,47.28,35.79,51.55,M,25,1.64,NATACAO,NEGRA
1989,81.32,49.32,41.56,36.18,53.47,M,19,1.77,CORRIDA,BRANCA
1990,31.26,82.92,50.75,26.04,34.36,F,28,1.48,FUTEBOL,NEGRA
1991,18.86,55.71,67.65,89.75,46.72,M,22,1.69,VOLEI,AMARELA
1992,59.8,66.7,68.77,28.9,77.59,M,27,1.76,NATACAO,PARDA
1993,93.31,80.98,54.26,34.98,57.61,M,21,1.8,CORRIDA,INDIGENA
1994,34.65,59.59,31.07,56.92,71.71,F,23,1.59,NATACAO,INDIGENA
1995,63.17,47.56,75.99,40.45,51.88,M,17,1.55,NATACAO,BRANCA
1996,56.09,53.77,48.25,57.34,64.53999999999999,F,23,1.54,VOLEI,AMARELA
1997,56.81,61.64,82.75,40.51,66.47999999999999,F,22,1.54,BASQUETE,INDIGENA
1998,34.11,54.48,61.3,41.83,49.98,M,23,1.7,FUTEBOL,AMARELA
1999,70.17,48.31,50.8,90.75,46.38,M,19,1.57,BASQUETE,PARDA
